ts_code,trade_date,pe,pb
688518.SH,20250702,41.1159,2.166
688518.SH,20250701,42.2088,2.2235
688518.SH,20250630,42.0438,2.2148
688518.SH,20250627,40.8891,2.154
688518.SH,20250626,41.4046,2.1812
688518.SH,20250625,42.0232,2.2137
688518.SH,20250624,41.4458,2.1833
688518.SH,20250623,39.1364,2.0617
688518.SH,20250620,38.0848,2.0063
688518.SH,20250619,38.4147,2.0237
688518.SH,20250618,38.7034,2.0389
688518.SH,20250617,38.6415,2.0356
688518.SH,20250616,36.8682,1.9422
688518.SH,20250613,36.1465,1.9042
688518.SH,20250612,37.2806,1.9639
688518.SH,20250611,36.6002,1.9281
688518.SH,20250610,37.1157,1.9552
688518.SH,20250609,37.0126,1.9498
688518.SH,20250606,36.9301,1.9454
688518.SH,20250605,35.5692,1.8738
688518.SH,20250604,33.9815,1.7901
688518.SH,20250603,33.0536,1.7412
688518.SH,20250530,32.7443,1.7249
688518.SH,20250529,33.5278,1.7662
688518.SH,20250528,32.703,1.7228
688518.SH,20250527,33.2598,1.724
688518.SH,20250526,33.6103,1.7422
688518.SH,20250523,33.0742,1.7144
688518.SH,20250522,33.4247,1.7326
688518.SH,20250521,34.6619,1.7967
688518.SH,20250520,34.2289,1.7742
688518.SH,20250519,33.8577,1.755
688518.SH,20250516,34.0639,1.7657
688518.SH,20250515,33.734,1.7486
688518.SH,20250514,34.4145,1.7839
688518.SH,20250513,34.7032,1.7988
688518.SH,20250512,34.9094,1.8095
688518.SH,20250509,33.8577,1.755
688518.SH,20250508,34.4557,1.786
688518.SH,20250507,33.9196,1.7582
688518.SH,20250506,33.734,1.7486
688518.SH,20250430,32.5999,1.6898
688518.SH,20250429,31.8782,1.6524
688518.SH,20250428,30.9916,1.63
688518.SH,20250425,31.7751,1.6712
688518.SH,20250424,31.7958,1.6723
688518.SH,20250423,32.2288,1.6951
688518.SH,20250422,32.0226,1.6842
688518.SH,20250421,32.0844,1.6875
688518.SH,20250418,31.0741,1.6343
688518.SH,20250417,31.3215,1.6473
688518.SH,20250416,30.806,1.6202
688518.SH,20250415,31.6102,1.6625
688518.SH,20250414,18.0626,1.6812
688518.SH,20250411,17.6691,1.6446
688518.SH,20250410,17.4665,1.6258
688518.SH,20250409,17.0372,1.5858
688518.SH,20250408,16.9657,1.5791
688518.SH,20250407,17.228,1.6036
688518.SH,20250403,19.8033,1.8433
688518.SH,20250402,19.684,1.8322
688518.SH,20250401,19.4694,1.8122
688518.SH,20250331,19.3502,1.8011
688518.SH,20250328,19.386,1.8044
688518.SH,20250327,19.5171,1.8166
688518.SH,20250326,19.5887,1.8233
688518.SH,20250325,19.3383,1.8
688518.SH,20250324,19.2906,1.7955
688518.SH,20250321,19.4933,1.8144
688518.SH,20250320,20.1609,1.8766
688518.SH,20250319,20.2444,1.8843
688518.SH,20250318,20.7332,1.9298
688518.SH,20250317,20.5425,1.9121
688518.SH,20250314,20.6259,1.9198
688518.SH,20250313,20.4709,1.9054
688518.SH,20250312,21.4605,1.9975
688518.SH,20250311,21.5678,2.0075
688518.SH,20250310,21.8062,2.0297
688518.SH,20250307,21.1863,1.972
688518.SH,20250306,21.4963,2.0008
688518.SH,20250305,20.8405,1.9398
688518.SH,20250304,21.0194,1.9565
688518.SH,20250303,21.2936,1.982
688518.SH,20250228,20.7451,1.9309
688518.SH,20250227,21.0432,1.959
688518.SH,20250226,21.1505,1.969
688518.SH,20250225,20.6259,1.9202
688518.SH,20250224,20.4783,1.9064
688518.SH,20250221,20.967,1.9519
688518.SH,20250220,20.7167,1.9286
688518.SH,20250219,20.3591,1.8953
688518.SH,20250218,19.6082,1.8254
688518.SH,20250217,19.8347,1.8465
688518.SH,20250214,19.6797,1.8321
688518.SH,20250213,19.8347,1.8465
688518.SH,20250212,19.93,1.8554
688518.SH,20250211,19.4413,1.8099
688518.SH,20250210,19.6559,1.8299
688518.SH,20250207,19.632,1.8276
688518.SH,20250206,19.3817,1.8043
688518.SH,20250205,18.7023,1.7411
688518.SH,20250127,18.4758,1.72
688518.SH,20250124,19.2506,1.7921
688518.SH,20250123,19.036,1.7722
688518.SH,20250122,19.1552,1.7833
688518.SH,20250121,19.191,1.7866
688518.SH,20250120,19.0956,1.7777
688518.SH,20250117,18.8811,1.7577
688518.SH,20250116,18.6546,1.7366
688518.SH,20250115,18.3685,1.71
688518.SH,20250114,18.3804,1.7111
688518.SH,20250113,17.2242,1.6035
688518.SH,20250110,17.0812,1.5902
688518.SH,20250109,17.5341,1.6323
688518.SH,20250108,17.4268,1.6224
688518.SH,20250107,17.8679,1.6634
688518.SH,20250106,17.3672,1.6168
688518.SH,20250103,17.4507,1.6246
688518.SH,20250102,18.1301,1.6878
688518.SH,20241231,18.8811,1.7577
688518.SH,20241230,19.6201,1.8265
688518.SH,20241227,19.9539,1.8576
688518.SH,20241226,19.8585,1.8487
688518.SH,20241225,19.3459,1.801
688518.SH,20241224,19.8943,1.8521
688518.SH,20241223,20.1684,1.8776
688518.SH,20241220,21.3604,1.9885
688518.SH,20241219,21.3246,1.9852
688518.SH,20241218,22.2067,2.0673
688518.SH,20241217,22.5881,2.1028
688518.SH,20241216,22.8981,2.1317
688518.SH,20241213,22.8623,2.1284
688518.SH,20241212,23.8636,2.2216
688518.SH,20241211,24.102,2.2438
688518.SH,20241210,24.3165,2.2637
688518.SH,20241209,24.7337,2.3026
688518.SH,20241206,24.4238,2.2737
688518.SH,20241205,24.4357,2.2748
688518.SH,20241204,24.4596,2.2771
688518.SH,20241203,23.8636,2.2216
688518.SH,20241202,24.1616,2.2493
688518.SH,20241129,23.4225,2.1805
688518.SH,20241128,22.6239,2.1062
688518.SH,20241127,22.7789,2.1206
688518.SH,20241126,21.8968,2.0385
688518.SH,20241125,22.9338,2.135
688518.SH,20241122,23.2318,2.1628
688518.SH,20241121,24.8052,2.3092
688518.SH,20241120,25.2105,2.347
688518.SH,20241119,22.2305,2.0696
688518.SH,20241118,21.5869,2.0096
688518.SH,20241115,21.8849,2.0374
688518.SH,20241114,22.1352,2.0607
688518.SH,20241113,23.6729,2.2038
688518.SH,20241112,23.0173,2.1428
688518.SH,20241111,24.2688,2.2593
688518.SH,20241108,20.228,1.8831
688518.SH,20241107,19.9896,1.8609
688518.SH,20241106,19.7512,1.8387
688518.SH,20241105,19.8227,1.8454
688518.SH,20241104,19.191,1.7866
688518.SH,20241101,18.44,1.7167
688518.SH,20241031,19.2267,1.7899
688518.SH,20241030,18.5116,1.7495
688518.SH,20241029,19.0122,1.7968
688518.SH,20241028,19.8227,1.8734
688518.SH,20241025,19.1075,1.8058
688518.SH,20241024,18.3447,1.7337
688518.SH,20241023,18.6188,1.7597
688518.SH,20241022,19.0718,1.8025
688518.SH,20241021,17.9513,1.6966
688518.SH,20241018,17.5937,1.6628
688518.SH,20241017,16.6282,1.5715
688518.SH,20241016,16.7832,1.5862
688518.SH,20241015,16.5925,1.5681
688518.SH,20241014,16.9977,1.6064
688518.SH,20241011,16.6878,1.5772
688518.SH,20241010,17.6295,1.6661
688518.SH,20241009,18.154,1.7157
688518.SH,20241008,20.5498,1.9422
688518.SH,20240930,18.4758,1.7461
688518.SH,20240927,16.1157,1.5231
688518.SH,20240926,15.1978,1.4363
688518.SH,20240925,14.6376,1.3834
688518.SH,20240924,14.7091,1.3901
688518.SH,20240923,14.0774,1.3304
688518.SH,20240920,13.982,1.3214
688518.SH,20240919,14.0654,1.3293
688518.SH,20240918,13.8151,1.3057
688518.SH,20240913,13.8866,1.3124
688518.SH,20240912,14.3158,1.353
688518.SH,20240911,14.5065,1.371
688518.SH,20240910,14.4469,1.3654
688518.SH,20240909,14.4469,1.3654
688518.SH,20240906,14.2681,1.3485
688518.SH,20240905,14.6853,1.3879
688518.SH,20240904,14.4707,1.3676
688518.SH,20240903,14.423,1.3631
688518.SH,20240902,14.28,1.3496
688518.SH,20240830,15.2336,1.4397
688518.SH,20240829,14.423,1.3631
688518.SH,20240828,13.7198,1.2966
688518.SH,20240827,13.7078,1.2955
688518.SH,20240826,13.9939,1.3226
688518.SH,20240823,13.8032,1.3144
688518.SH,20240822,14.1608,1.3484
688518.SH,20240821,14.423,1.3734
688518.SH,20240820,14.2204,1.3541
688518.SH,20240819,14.5303,1.3836
688518.SH,20240816,14.8402,1.4131
688518.SH,20240815,15.4601,1.4722
688518.SH,20240814,15.3051,1.4574
688518.SH,20240813,15.6865,1.4937
688518.SH,20240812,15.8534,1.5096
688518.SH,20240809,16.2229,1.5448
688518.SH,20240808,16.0918,1.5323
688518.SH,20240807,16.509,1.572
688518.SH,20240806,16.5448,1.5755
688518.SH,20240805,16.2229,1.5448
688518.SH,20240802,17.2123,1.639
688518.SH,20240801,17.9394,1.7083
688518.SH,20240731,18.154,1.7287
688518.SH,20240730,17.248,1.6424
688518.SH,20240729,17.2123,1.639
688518.SH,20240726,17.2242,1.6402
688518.SH,20240725,17.1765,1.6356
688518.SH,20240724,17.1527,1.6333
688518.SH,20240723,18.2136,1.7434
688518.SH,20240722,19.3221,1.8495
688518.SH,20240719,19.5843,1.8746
688518.SH,20240718,19.4221,1.8591
688518.SH,20240717,19.6471,1.8806
688518.SH,20240716,20.334,1.9463
688518.SH,20240715,18.7826,1.7978
688518.SH,20240712,18.6405,1.7842
688518.SH,20240711,19.7892,1.8942
688518.SH,20240710,19.3629,1.8534
688518.SH,20240709,19.8721,1.9021
688518.SH,20240708,18.2023,1.7423
688518.SH,20240705,18.8536,1.8046
688518.SH,20240704,18.676,1.7876
688518.SH,20240703,18.901,1.8092
688518.SH,20240702,19.4458,1.8613
688518.SH,20240701,20.3103,1.9441
688518.SH,20240628,19.7774,1.8931
688518.SH,20240627,18.7589,1.7956
688518.SH,20240626,18.3681,1.7582
688518.SH,20240625,17.8589,1.7094
688518.SH,20240624,18.226,1.7446
688518.SH,20240621,19.1023,1.8284
688518.SH,20240620,19.1852,1.8364
688518.SH,20240619,19.8484,1.8999
688518.SH,20240618,19.4103,1.8579
688518.SH,20240617,18.6997,1.7899
688518.SH,20240614,17.2193,1.6482
688518.SH,20240613,17.4562,1.6709
688518.SH,20240612,16.9351,1.621
688518.SH,20240611,16.4496,1.5745
688518.SH,20240607,16.0114,1.5326
688518.SH,20240606,15.8811,1.5201
688518.SH,20240605,16.7575,1.604
688518.SH,20240604,17.1246,1.6391
688518.SH,20240603,17.3851,1.6641
688518.SH,20240531,17.4917,1.6743
688518.SH,20240530,16.6983,1.5983
688518.SH,20240529,15.9877,1.5303
688518.SH,20240528,15.893,1.4958
688518.SH,20240527,16.0943,1.5148
688518.SH,20240524,15.9877,1.5047
688518.SH,20240523,16.2009,1.5248
688518.SH,20240522,16.7575,1.5772
688518.SH,20240521,16.3667,1.5404
688518.SH,20240520,16.4022,1.5437
688518.SH,20240517,16.2838,1.5326
688518.SH,20240516,15.8219,1.4891
688518.SH,20240515,15.9285,1.4992
688518.SH,20240514,16.1772,1.5226
688518.SH,20240513,16.2127,1.5259
688518.SH,20240510,16.8877,1.5894
688518.SH,20240509,17.2786,1.6262
688518.SH,20240508,16.343,1.5382
688518.SH,20240507,16.793,1.5805
688518.SH,20240506,16.6272,1.5649
688518.SH,20240430,15.8811,1.4947
688518.SH,20240429,16.4259,1.546
688518.SH,20240426,16.6035,1.5773
688518.SH,20240425,16.3193,1.5503
688518.SH,20240424,16.4969,1.5671
688518.SH,20240423,16.2719,1.5458
688518.SH,20240422,16.118,1.5311
688518.SH,20240419,16.118,1.5311
688518.SH,20240418,16.5206,1.5694
688518.SH,20240417,16.6983,1.5863
688518.SH,20240416,15.5732,1.4794
688518.SH,20240415,17.018,1.6166
688518.SH,20240412,19.115,1.7102
688518.SH,20240411,20.1438,1.8023
688518.SH,20240410,20.3089,1.8171
688518.SH,20240409,19.9914,1.7886
688518.SH,20240408,18.2641,1.6341
688518.SH,20240403,19.1658,1.7148
688518.SH,20240402,18.7594,1.6784
688518.SH,20240401,18.8737,1.6886
688518.SH,20240329,18.2387,1.6318
688518.SH,20240328,17.7179,1.5852
688518.SH,20240327,17.3623,1.5534
688518.SH,20240326,18.353,1.6421
688518.SH,20240325,18.4038,1.6466
688518.SH,20240322,19.2547,1.7227
688518.SH,20240321,20.2454,1.8114
688518.SH,20240320,20.5629,1.8398
688518.SH,20240319,20.1438,1.8023
688518.SH,20240318,20.474,1.8318
688518.SH,20240315,20.0676,1.7955
688518.SH,20240314,19.7501,1.7671
688518.SH,20240313,20.0803,1.7966
688518.SH,20240312,20.0803,1.7966
688518.SH,20240311,19.9533,1.7852
688518.SH,20240308,19.1023,1.7091
688518.SH,20240307,18.7975,1.6818
688518.SH,20240306,19.3437,1.7307
688518.SH,20240305,19.3437,1.7307
688518.SH,20240304,19.9279,1.783
688518.SH,20240301,20.2073,1.808
688518.SH,20240229,19.6358,1.7568
688518.SH,20240228,18.6705,1.6705
688518.SH,20240227,20.3978,1.825
688518.SH,20240226,19.9025,1.7807
688518.SH,20240223,19.1531,1.7136
688518.SH,20240222,18.6197,1.6659
688518.SH,20240221,18.353,1.6421
688518.SH,20240220,17.8703,1.5989
688518.SH,20240219,17.9846,1.6091
688518.SH,20240208,18.099,1.6193
688518.SH,20240207,16.7272,1.4966
688518.SH,20240206,15.9398,1.4261
688518.SH,20240205,14.5554,1.3023
688518.SH,20240202,15.8636,1.4193
688518.SH,20240201,16.651,1.4898
688518.SH,20240131,16.9178,1.5136
688518.SH,20240130,17.5909,1.5739
688518.SH,20240129,18.4038,1.6466
688518.SH,20240126,19.0261,1.7023
688518.SH,20240125,19.712,1.7636
688518.SH,20240124,19.3691,1.733
688518.SH,20240123,19.3818,1.7341
688518.SH,20240122,19.1658,1.7148
688518.SH,20240119,20.5375,1.8375
688518.SH,20240118,20.9313,1.8727
688518.SH,20240117,20.8424,1.8648
688518.SH,20240116,21.9347,1.9625
688518.SH,20240115,22.2903,1.9943
688518.SH,20240112,23.0523,2.0625
688518.SH,20240111,23.1667,2.0727
688518.SH,20240110,22.4554,2.0091
688518.SH,20240109,22.8364,2.0432
688518.SH,20240108,22.4046,2.0046
688518.SH,20240105,23.2429,2.0796
688518.SH,20240104,23.789,2.1287
688518.SH,20240103,24.3225,2.1765
688518.SH,20240102,25.6561,2.2958
688518.SH,20231229,26.0117,2.3276
688518.SH,20231228,25.9736,2.3242
688518.SH,20231227,24.9277,2.2306
688518.SH,20231226,24.7119,2.2113
688518.SH,20231225,25.1309,2.2488
688518.SH,20231222,24.9658,2.234
688518.SH,20231221,25.2071,2.2556
688518.SH,20231220,24.9277,2.2306
688518.SH,20231219,25.4611,2.2784
688518.SH,20231218,25.5119,2.2829
688518.SH,20231215,26.3627,2.359
688518.SH,20231214,27.0357,2.4193
688518.SH,20231213,27.9119,2.4977
688518.SH,20231212,28.2929,2.5318
688518.SH,20231211,28.3183,2.534
688518.SH,20231208,28.0135,2.5068
688518.SH,20231207,28.3056,2.5329
688518.SH,20231206,27.8485,2.492
688518.SH,20231205,28.2294,2.5261
688518.SH,20231204,29.4612,2.6363
688518.SH,20231201,29.5247,2.642
688518.SH,20231130,29.2072,2.6136
688518.SH,20231129,30.1215,2.6954
688518.SH,20231128,27.1754,2.4318
688518.SH,20231127,26.7056,2.3897
688518.SH,20231124,26.896,2.4068
688518.SH,20231123,27.7977,2.4874
688518.SH,20231122,27.658,2.4749
688518.SH,20231121,27.4802,2.459
688518.SH,20231120,26.096,2.3352
688518.SH,20231117,25.6897,2.2988
688518.SH,20231116,25.0293,2.2397
688518.SH,20231115,25.7024,2.2999
688518.SH,20231114,25.5246,2.284
688518.SH,20231113,25.3849,2.2715
688518.SH,20231110,25.1055,2.2465
688518.SH,20231109,25.2833,2.2624
688518.SH,20231108,25.2579,2.2602
688518.SH,20231107,25.1436,2.2499
688518.SH,20231106,25.3087,2.2647
688518.SH,20231103,24.4452,2.1874
688518.SH,20231102,23.7721,2.1272
688518.SH,20231101,24.5849,2.1999
688518.SH,20231031,24.4325,2.1863
688518.SH,20231030,24.9658,2.234
688518.SH,20231027,26.6421,2.431
688518.SH,20231026,26.1087,2.3823
688518.SH,20231025,25.296,2.3082
688518.SH,20231024,25.6262,2.3383
688518.SH,20231023,25.1285,2.2929
688518.SH,20231020,25.9023,2.3635
688518.SH,20231019,25.8642,2.36
688518.SH,20231018,25.8515,2.3588
688518.SH,20231017,26.6633,2.4329
688518.SH,20231016,26.7014,2.4364
688518.SH,20231013,27.805,2.5371
688518.SH,20231012,29.4286,2.6852
688518.SH,20231011,29.5555,2.6968
688518.SH,20231010,29.3398,2.6771
688518.SH,20231009,29.8472,2.7234
688518.SH,20230928,30.2658,2.7616
688518.SH,20230927,30.2658,2.7616
688518.SH,20230926,29.8472,2.7234
688518.SH,20230925,29.6189,2.7026
688518.SH,20230922,29.6823,2.7084
688518.SH,20230921,28.6168,2.6112
688518.SH,20230920,28.9846,2.6447
688518.SH,20230919,29.3525,2.6783
688518.SH,20230918,29.6316,2.7038
688518.SH,20230915,29.5808,2.6991
688518.SH,20230914,30.2785,2.7628
688518.SH,20230913,30.7098,2.8021
688518.SH,20230912,31.4835,2.8727
688518.SH,20230911,31.344,2.86
688518.SH,20230908,30.3165,2.7663
688518.SH,20230907,30.2912,2.7639
688518.SH,20230906,31.7119,2.903
688518.SH,20230905,32.0924,2.9378
688518.SH,20230904,31.6104,2.8937
688518.SH,20230901,31.2602,2.8616
688518.SH,20230831,31.3234,2.8674
688518.SH,20230830,32.2837,2.9553
688518.SH,20230829,32.3089,2.9576
688518.SH,20230828,30.0851,2.754
688518.SH,20230825,29.3901,2.799
688518.SH,20230824,29.5923,2.8182
688518.SH,20230823,28.5815,2.7219
688518.SH,20230822,29.4154,2.8014
688518.SH,20230821,29.7945,2.8375
688518.SH,20230818,30.6663,2.9205
688518.SH,20230817,30.9569,2.9482
688518.SH,20230816,28.3919,2.7039
688518.SH,20230815,29.6428,2.823
688518.SH,20230814,30.3252,2.888
688518.SH,20230811,30.9569,2.9482
688518.SH,20230810,31.7656,3.0252
688518.SH,20230809,31.2096,2.9722
688518.SH,20230808,31.197,2.971
688518.SH,20230807,31.2475,2.9759
688518.SH,20230804,31.336,2.9843
688518.SH,20230803,29.6428,2.823
688518.SH,20230802,29.706,2.829
688518.SH,20230801,29.7818,2.8363
688518.SH,20230731,30.6284,2.9169
688518.SH,20230728,30.3125,2.8868
688518.SH,20230727,30.5021,2.9049
688518.SH,20230726,30.8558,2.9385
688518.SH,20230725,31.7277,3.0216
688518.SH,20230724,31.1844,2.9698
688518.SH,20230721,31.4876,2.9987
688518.SH,20230720,31.7277,3.0216
688518.SH,20230719,31.9172,3.0396
688518.SH,20230718,32.6754,3.1118
688518.SH,20230717,32.4858,3.0938
688518.SH,20230714,33.5725,3.1973
688518.SH,20230713,34.0274,3.2406
688518.SH,20230712,34.6212,3.2971
688518.SH,20230711,35.3667,3.3681
688518.SH,20230710,35.67,3.397
688518.SH,20230707,35.2909,3.3609
688518.SH,20230706,35.5689,3.3874
688518.SH,20230705,35.3414,3.3657
688518.SH,20230704,35.5689,3.3874
688518.SH,20230703,34.6591,3.3008
688518.SH,20230630,35.2025,3.3525
688518.SH,20230629,33.8631,3.2249
688518.SH,20230628,34.1537,3.2526
688518.SH,20230627,34.4822,3.2839
688518.SH,20230626,34.1032,3.2478
688518.SH,20230621,33.2187,3.1636
688518.SH,20230620,34.2169,3.2123
688518.SH,20230619,33.9136,3.1838
688518.SH,20230616,33.9389,3.1862
688518.SH,20230615,32.6627,3.0663
688518.SH,20230614,29.9714,2.8137
688518.SH,20230613,30.5021,2.8635
688518.SH,20230612,30.8053,2.892
688518.SH,20230609,30.3883,2.8528
688518.SH,20230608,30.7548,2.8872
688518.SH,20230607,30.8053,2.892
688518.SH,20230606,32.0436,3.0082
688518.SH,20230605,33.1176,3.1091
688518.SH,20230602,33.1176,3.1091
688518.SH,20230601,32.7512,3.0747
688518.SH,20230531,32.5995,3.0604
688518.SH,20230530,33.1302,3.1102
688518.SH,20230529,33.2692,3.1233
688518.SH,20230526,34.3306,3.2229
688518.SH,20230525,35.1014,3.2953
688518.SH,20230524,34.6086,3.249
688518.SH,20230523,33.7115,3.1648
688518.SH,20230522,33.4967,3.1446
688518.SH,20230519,33.4209,3.1375
688518.SH,20230518,33.0418,3.1019
688518.SH,20230517,33.2566,3.1221
688518.SH,20230516,33.0292,3.1007
688518.SH,20230515,33.2819,3.1245
688518.SH,20230512,32.1068,3.0142
688518.SH,20230511,32.9028,3.0889
688518.SH,20230510,33.4461,3.1399
688518.SH,20230509,32.1573,3.0189
688518.SH,20230508,33.9136,3.1838
688518.SH,20230505,34.3685,3.2265
688518.SH,20230504,35.7458,3.3558
688518.SH,20230428,35.0003,3.2858
688518.SH,20230427,34.7728,3.3719
688518.SH,20230426,35.0508,3.3988
688518.SH,20230425,34.3811,3.3339
688518.SH,20230424,35.8216,3.4736
688518.SH,20230421,35.253,3.4184
688518.SH,20230420,101.7976,3.5089
688518.SH,20230419,105.9765,3.653
688518.SH,20230418,108.286,3.7326
688518.SH,20230417,111.1452,3.8311
688518.SH,20230414,109.8622,3.7869
688518.SH,20230413,108.9458,3.7553
688518.SH,20230412,111.6584,3.8488
688518.SH,20230411,114.0045,3.9297
688518.SH,20230410,115.7641,3.9903
688518.SH,20230407,112.2083,3.8678
688518.SH,20230406,112.3183,3.8716
688518.SH,20230404,108.2493,3.7313
688518.SH,20230403,112.6848,3.8842
688518.SH,20230331,114.5177,3.9474
688518.SH,20230330,112.6115,3.8817
688518.SH,20230329,109.7523,3.7831
688518.SH,20230328,105.5733,3.6391
688518.SH,20230327,106.1232,3.658
688518.SH,20230324,106.8563,3.6833
688518.SH,20230323,106.1965,3.6606
688518.SH,20230322,108.7258,3.7477
688518.SH,20230321,109.9722,3.7907
688518.SH,20230320,109.9722,3.7907
688518.SH,20230317,109.7889,3.7844
688518.SH,20230316,110.5221,3.8097
688518.SH,20230315,112.7948,3.888
688518.SH,20230314,113.8212,3.9234
688518.SH,20230313,115.3975,3.9777
688518.SH,20230310,115.1409,3.9689
688518.SH,20230309,115.3975,3.9777
688518.SH,20230308,117.1937,4.0396
688518.SH,20230307,119.8697,4.1319
688518.SH,20230306,123.2422,4.2481
688518.SH,20230303,122.3624,4.2178
688518.SH,20230302,120.6028,4.1571
688518.SH,20230301,126.5047,4.3606
688518.SH,20230228,129.6939,4.4705
688518.SH,20230227,131.0135,4.516
688518.SH,20230224,130.9036,4.5122
688518.SH,20230223,131.93,4.5476
688518.SH,20230222,128.8874,4.4427
688518.SH,20230221,127.5678,4.3972
688518.SH,20230220,127.971,4.4111
688518.SH,20230217,130.427,4.4958
688518.SH,20230216,133.7629,4.6108
688518.SH,20230215,137.062,4.7245
688518.SH,20230214,136.0723,4.6904
688518.SH,20230213,141.1676,4.866
688518.SH,20230210,130.8359,7.0963
688518.SH,20230209,129.2986,7.0129
688518.SH,20230208,123.3128,6.6883
688518.SH,20230207,124.0979,6.7309
688518.SH,20230206,121.3176,6.5801
688518.SH,20230203,122.9203,6.667
688518.SH,20230202,122.397,6.6386
688518.SH,20230201,125.1118,6.7859
688518.SH,20230131,122.9858,6.6705
688518.SH,20230130,123.6399,6.706
688518.SH,20230120,109.4442,5.9361
688518.SH,20230119,106.3696,5.7693
688518.SH,20230118,105.5192,5.7232
688518.SH,20230117,104.1127,5.6469
688518.SH,20230116,102.0193,5.5334
688518.SH,20230113,99.7297,5.4092
688518.SH,20230112,101.9866,5.5316
688518.SH,20230111,101.3651,5.4979
688518.SH,20230110,104.8323,5.6859
688518.SH,20230109,100.4166,5.4478
688518.SH,20230106,101.8885,5.5277
688518.SH,20230105,101.2016,5.4904
688518.SH,20230104,101.3651,5.4993
688518.SH,20230103,100.1876,5.4354
688518.SH,20221230,95.5239,5.1824
688518.SH,20221229,95.066,5.1576
688518.SH,20221228,94.0196,5.1008
688518.SH,20221227,96.4722,5.2339
688518.SH,20221226,93.4309,5.0689
688518.SH,20221223,86.9231,4.7158
688518.SH,20221222,89.4412,4.8524
688518.SH,20221221,90.782,4.9251
688518.SH,20221220,93.5944,5.0777
688518.SH,20221219,92.2863,5.0068
688518.SH,20221216,94.6082,5.1327
688518.SH,20221215,99.5136,5.3988
688518.SH,20221214,96.8974,5.2569
688518.SH,20221213,98.1401,5.3243
688518.SH,20221212,102.2606,5.5479
688518.SH,20221209,100.9852,5.4787
688518.SH,20221208,100.6582,5.4609
688518.SH,20221207,101.8354,5.5248
688518.SH,20221206,104.4843,5.6685
688518.SH,20221205,103.2417,5.6011
688518.SH,20221202,102.7184,5.5727
688518.SH,20221201,100.7563,5.4663
688518.SH,20221130,94.0523,5.1026
688518.SH,20221129,96.3414,5.2268
688518.SH,20221128,96.4068,5.2303
688518.SH,20221125,96.7666,5.2498
688518.SH,20221124,99.906,5.4201
688518.SH,20221123,98.7614,5.358
688518.SH,20221122,101.0833,5.484
688518.SH,20221121,103.4379,5.6118
688518.SH,20221118,101.3776,5.5
688518.SH,20221117,105.4327,5.72
688518.SH,20221116,109.8148,5.9577
688518.SH,20221115,114.4586,6.2097
688518.SH,20221114,113.7391,6.1706
688518.SH,20221111,119.4621,6.4811
688518.SH,20221110,119.9199,6.5059
688518.SH,20221109,125.1196,6.788
688518.SH,20221108,128.259,6.9584
688518.SH,20221107,125.8391,6.8271
688518.SH,20221104,126.395,6.8572
688518.SH,20221103,124.4328,6.7508
688518.SH,20221102,119.691,6.4935
688518.SH,20221101,118.8407,6.4474
688518.SH,20221031,114.1316,6.1919
688518.SH,20221028,114.524,6.2132
688518.SH,20221027,119.4621,6.9832
688518.SH,20221026,122.4053,7.1552
688518.SH,20221025,119.0369,6.9583
688518.SH,20221024,113.3794,6.6276
688518.SH,20221021,115.7667,6.7672
688518.SH,20221020,116.2899,6.7977
688518.SH,20221019,118.2521,6.9124
688518.SH,20221018,116.2572,6.7958
688518.SH,20221017,123.5499,7.2221
688518.SH,20221014,122.2745,7.1476
688518.SH,20221013,125.6101,7.3426
688518.SH,20221012,127.8666,7.4745
688518.SH,20221011,123.3864,7.2126
688518.SH,20221010,121.4896,7.1017
688518.SH,20220930,131.4312,7.6828
688518.SH,20220929,137.3503,8.0288
688518.SH,20220928,131.9871,7.7153
688518.SH,20220927,135.7152,7.9333
688518.SH,20220926,135.5517,7.9237
688518.SH,20220923,131.9871,7.7153
688518.SH,20220922,138.8219,8.1149
688518.SH,20220921,131.5293,7.6886
688518.SH,20220920,131.4312,7.6828
688518.SH,20220919,122.9285,7.1858
688518.SH,20220916,124.0077,7.2489
688518.SH,20220915,122.9612,7.1877
688518.SH,20220914,130.1558,7.6083
688518.SH,20220913,135.8787,7.9428
688518.SH,20220909,122.5361,7.1629
688518.SH,20220908,129.6979,7.6419
688518.SH,20220907,133.753,7.8809
688518.SH,20220906,127.9647,7.5398
688518.SH,20220905,124.867,7.3573
688518.SH,20220902,122.1356,7.1963
688518.SH,20220901,118.1359,6.9607
688518.SH,20220831,125.8426,7.4148
688518.SH,20220830,135.923,8.0087
688518.SH,20220829,131.9233,8.0806
688518.SH,20220826,128.444,7.8675
688518.SH,20220825,132.9314,8.1423
688518.SH,20220824,146.3286,8.9629
688518.SH,20220823,146.166,8.953
688518.SH,20220822,143.337,8.7797
688518.SH,20220819,143.467,8.7877
688518.SH,20220818,136.2482,8.3455
688518.SH,20220817,133.2565,8.1622
688518.SH,20220816,136.7359,8.3754
688518.SH,20220815,127.6961,7.8217
688518.SH,20220812,123.794,7.5826
688518.SH,20220811,132.4761,8.1144
688518.SH,20220810,130.6877,8.0049
688518.SH,20220809,126.8506,7.7699
688518.SH,20220808,112.7705,6.9074
688518.SH,20220805,108.6083,6.6525
688518.SH,20220804,107.5027,6.5848
688518.SH,20220803,113.8111,6.9712
688518.SH,20220802,116.0223,7.1066
688518.SH,20220801,121.2901,7.4293
688518.SH,20220729,118.4286,7.254
688518.SH,20220728,113.551,6.9552
688518.SH,20220727,114.0387,6.9851
688518.SH,20220726,106.6247,6.531
688518.SH,20220725,108.1531,6.6246
688518.SH,20220722,108.4782,6.6445
688518.SH,20220721,109.6489,6.7162
688518.SH,20220720,108.8034,6.6644
688518.SH,20220719,106.4622,6.521
688518.SH,20220718,103.373,6.3318
688518.SH,20220715,104.6737,6.4115
688518.SH,20220714,107.8279,6.6047
688518.SH,20220713,103.8933,6.3637
688518.SH,20220712,101.487,6.2163
688518.SH,20220711,105.9419,6.4892
688518.SH,20220708,109.8765,6.7302
688518.SH,20220707,114.8842,7.0369
688518.SH,20220706,108.7709,6.6624
688518.SH,20220705,110.0066,6.7381
688518.SH,20220704,112.0552,6.8636
688518.SH,20220701,112.9982,6.9214
688518.SH,20220630,110.5268,6.77
688518.SH,20220629,110.5594,6.772
688518.SH,20220628,116.6401,6.9777
688518.SH,20220627,120.3146,7.1975
688518.SH,20220624,122.0705,7.3025
688518.SH,20220623,118.6562,7.0983
688518.SH,20220622,111.665,6.6801
688518.SH,20220621,110.6244,6.6178
688518.SH,20220620,115.437,6.9057
688518.SH,20220617,114.1363,6.8279
688518.SH,20220616,105.7793,6.328
688518.SH,20220615,102.2349,6.1159
688518.SH,20220614,104.9013,6.2754
688518.SH,20220613,103.6657,6.2015
688518.SH,20220610,101.3244,6.0615
688518.SH,20220609,100.8041,6.0303
688518.SH,20220608,104.6737,6.2618
688518.SH,20220607,105.8768,6.3338
688518.SH,20220606,107.4702,6.4291
688518.SH,20220602,100.3489,6.0031
688518.SH,20220601,93.3576,5.5849
688518.SH,20220531,90.6912,5.4254
688518.SH,20220530,86.594,5.1802
688518.SH,20220527,83.5048,4.9954
688518.SH,20220526,80.8384,4.8359
688518.SH,20220525,80.1881,4.797
688518.SH,20220524,80.6433,4.8243
688518.SH,20220523,88.6426,5.3028
688518.SH,20220520,89.6506,5.3631
688518.SH,20220519,87.2443,5.2192
688518.SH,20220518,85.1307,5.0927
688518.SH,20220517,82.9195,4.9604
688518.SH,20220516,80.7734,4.832
688518.SH,20220513,81.9765,4.904
688518.SH,20220512,81.1311,4.8534
688518.SH,20220511,81.4888,4.8748
688518.SH,20220510,75.0503,4.4897
688518.SH,20220509,72.1562,4.3166
688518.SH,20220506,72.9367,4.3632
688518.SH,20220505,73.652,4.406
688518.SH,20220429,73.3594,4.4439
688518.SH,20220428,69.0996,4.1858
688518.SH,20220427,69.0346,4.1819
688518.SH,20220426,65.8804,3.9908
688518.SH,20220425,70.6604,4.2804
688518.SH,20220422,77.0664,4.6684
688518.SH,20220421,79.7978,4.8339
688518.SH,20220420,83.5699,5.0624
688518.SH,20220419,88.8052,5.3795
688518.SH,20220418,122.1008,5.4201
688518.SH,20220415,121.0285,5.3725
688518.SH,20220414,124.2899,5.5173
688518.SH,20220413,126.345,5.6085
688518.SH,20220412,129.2937,5.7394
688518.SH,20220411,130.4553,5.791
688518.SH,20220408,139.4799,6.1916
688518.SH,20220407,141.401,6.2769
688518.SH,20220406,145.3325,6.4514
688518.SH,20220401,151.4085,6.7211
688518.SH,20220331,151.4532,6.7231
688518.SH,20220330,156.0549,6.9274
688518.SH,20220329,149.5768,6.6398
688518.SH,20220328,151.9446,6.7449
688518.SH,20220325,150.9617,6.7013
688518.SH,20220324,158.0206,7.0146
688518.SH,20220323,163.4265,7.2546
688518.SH,20220322,158.6908,7.0444
688518.SH,20220321,157.0824,6.973
688518.SH,20220318,155.4741,6.9016
688518.SH,20220317,155.5634,6.9056
688518.SH,20220316,142.7413,6.3364
688518.SH,20220315,134.0294,5.9497
688518.SH,20220314,134.0294,5.9497
688518.SH,20220311,134.6548,5.9774
688518.SH,20220310,136.844,6.0746
688518.SH,20220309,129.0256,5.7275
688518.SH,20220308,134.1634,5.9556
688518.SH,20220307,140.6862,6.2452
688518.SH,20220304,147.9237,6.5664
688518.SH,20220303,151.1851,6.7112
688518.SH,20220302,154.938,6.8778
688518.SH,20220301,156.2782,6.9373
688518.SH,20220228,158.0653,7.0166
688518.SH,20220225,158.6014,7.2344
688518.SH,20220224,152.4361,6.9532
688518.SH,20220223,159.2716,7.265
688518.SH,20220222,149.6215,6.8248
688518.SH,20220221,152.8828,6.9736
688518.SH,20220218,154.4465,7.0449
688518.SH,20220217,155.6974,7.102
688518.SH,20220216,151.4532,6.9084
688518.SH,20220215,145.9133,6.6557
688518.SH,20220214,138.9885,6.3398
688518.SH,20220211,138.6757,6.3255
688518.SH,20220210,143.4114,6.5416
688518.SH,20220209,155.9208,7.1122
688518.SH,20220208,164.0519,7.4831
688518.SH,20220207,180.5822,8.2371
688518.SH,20220128,180.9396,8.2534
688518.SH,20220127,186.1221,8.4898
688518.SH,20220126,187.9539,8.5733
688518.SH,20220125,189.4729,8.6426
688518.SH,20220124,194.7,8.881
688518.SH,20220121,196.0403,8.9422
688518.SH,20220120,196.5764,8.9666
688518.SH,20220119,204.3948,9.3232
688518.SH,20220118,210.8729,9.6187
688518.SH,20220117,204.7969,9.3416
688518.SH,20220114,198.3635,9.0481
688518.SH,20220113,188.49,8.5978
688518.SH,20220112,200.9994,9.1684
688518.SH,20220111,190.7685,8.7017
688518.SH,20220110,196.4871,8.9625
688518.SH,20220107,191.6173,8.7404
688518.SH,20220106,201.4908,9.1908
688518.SH,20220105,195.9509,8.9381
688518.SH,20220104,206.6286,9.4251
