ts_code,trade_date,open,high,low,close,pre_close,change,pct_chg,vol,amount
300227.SZ,20250702,9.18,9.18,8.9,8.99,9.18,-0.19,-2.0697,195180.1,176088.546
300227.SZ,20250701,9.25,9.33,9.13,9.18,9.29,-0.11,-1.1841,218150.0,200970.542
300227.SZ,20250630,9.08,9.29,9.05,9.29,9.04,0.25,2.7655,300368.0,277252.277
300227.SZ,20250627,9.01,9.08,8.95,9.04,9.0,0.04,0.4444,180371.32,162661.699
300227.SZ,20250626,9.05,9.22,8.99,9.0,9.05,-0.05,-0.5525,266658.94,243071.78
300227.SZ,20250625,8.98,9.07,8.9,9.05,9.03,0.02,0.2215,195741.0,176269.322
300227.SZ,20250624,8.86,9.06,8.83,9.03,8.91,0.12,1.3468,219156.7,196541.548
300227.SZ,20250623,8.74,8.94,8.65,8.91,8.71,0.2,2.2962,176757.4,155934.014
300227.SZ,20250620,8.8,8.9,8.7,8.71,8.84,-0.13,-1.4706,164391.6,144668.523
300227.SZ,20250619,9.1,9.16,8.76,8.84,9.16,-0.32,-3.4934,273873.8,243538.785
300227.SZ,20250618,8.86,9.23,8.81,9.16,8.92,0.24,2.6906,382570.28,346929.074
300227.SZ,20250617,8.89,8.96,8.78,8.92,9.02,-0.1,-1.1086,261026.4,231619.027
300227.SZ,20250616,8.99,9.25,8.71,9.02,8.85,0.17,1.9209,441807.84,395568.485
300227.SZ,20250613,8.61,8.87,8.39,8.85,8.66,0.19,2.194,304701.8,263752.715
300227.SZ,20250612,8.45,8.72,8.42,8.66,8.49,0.17,2.0024,167535.9,144536.607
300227.SZ,20250611,8.47,8.6,8.46,8.49,8.49,0.0,0.0,90501.25,77294.488
300227.SZ,20250610,8.72,8.72,8.35,8.49,8.72,-0.23,-2.6376,147420.0,125496.087
300227.SZ,20250609,8.54,8.72,8.54,8.72,8.55,0.17,1.9883,130339.05,112810.733
300227.SZ,20250606,8.58,8.7,8.52,8.55,8.61,-0.06,-0.6969,87153.0,74893.818
300227.SZ,20250605,8.55,8.69,8.46,8.61,8.57,0.04,0.4667,118705.0,101799.538
300227.SZ,20250604,8.48,8.67,8.45,8.57,8.47,0.1,1.1806,153376.45,131203.368
300227.SZ,20250603,8.29,8.74,8.26,8.47,8.31,0.16,1.9254,170161.0,144993.687
300227.SZ,20250530,8.48,8.49,8.25,8.31,8.57,-0.26,-3.0338,134765.3,112362.396
300227.SZ,20250529,8.5,8.61,8.36,8.57,8.41,0.16,1.9025,187772.9,159841.292
300227.SZ,20250528,8.46,8.51,8.31,8.41,8.47,-0.06,-0.7084,95056.0,79810.726
300227.SZ,20250527,8.5,8.54,8.34,8.47,8.51,-0.04,-0.47,76803.0,64802.936
300227.SZ,20250526,8.32,8.52,8.31,8.51,8.37,0.14,1.6726,95367.76,80674.912
300227.SZ,20250523,8.53,8.61,8.3,8.37,8.53,-0.16,-1.8757,117662.6,99701.965
300227.SZ,20250522,8.62,8.78,8.52,8.53,8.69,-0.16,-1.8412,127146.0,109576.625
300227.SZ,20250521,8.82,8.89,8.61,8.69,8.89,-0.2,-2.2497,152087.4,132139.015
300227.SZ,20250520,9.01,9.05,8.8,8.89,8.96,-0.07,-0.7813,206887.4,184038.963
300227.SZ,20250519,8.67,9.09,8.66,8.96,8.65,0.31,3.5838,294232.78,262479.329
300227.SZ,20250516,8.61,8.83,8.6,8.65,8.67,-0.02,-0.2307,120582.0,105334.441
300227.SZ,20250515,8.8,8.97,8.63,8.67,8.84,-0.17,-1.9231,140791.0,122718.086
300227.SZ,20250514,8.87,8.99,8.78,8.84,8.95,-0.11,-1.2291,212665.3,188060.794
300227.SZ,20250513,9.27,9.31,8.92,8.95,9.24,-0.29,-3.1385,303030.6,274682.691
300227.SZ,20250512,8.83,9.45,8.8,9.24,8.88,0.36,4.0541,489352.7,450688.843
300227.SZ,20250509,9.0,9.09,8.75,8.88,9.19,-0.31,-3.3732,422412.7,375579.571
300227.SZ,20250508,8.37,9.36,8.32,9.19,8.37,0.82,9.7969,581463.91,517340.573
300227.SZ,20250507,8.24,8.59,8.15,8.37,8.15,0.22,2.6994,252482.4,211037.145
300227.SZ,20250506,8.02,8.15,8.02,8.15,7.97,0.18,2.2585,70570.05,57254.043
300227.SZ,20250430,7.93,8.04,7.91,7.97,7.89,0.08,1.0139,58093.8,46385.202
300227.SZ,20250429,7.8,7.93,7.72,7.89,7.84,0.05,0.6378,54177.4,42635.424
300227.SZ,20250428,7.82,7.87,7.73,7.84,7.81,0.03,0.3841,59463.0,46326.879
300227.SZ,20250425,7.81,7.94,7.8,7.81,7.86,-0.05,-0.6361,55801.2,43813.035
300227.SZ,20250424,7.96,8.03,7.86,7.86,7.97,-0.11,-1.3802,76365.0,60506.704
300227.SZ,20250423,8.04,8.12,7.95,7.97,7.97,0.0,0.0,75135.0,60143.462
300227.SZ,20250422,8.05,8.1,7.95,7.97,8.11,-0.14,-1.7263,92101.0,73676.089
300227.SZ,20250421,8.13,8.17,8.01,8.11,8.14,-0.03,-0.3686,134514.95,108861.665
300227.SZ,20250418,8.09,8.32,7.86,8.14,8.23,-0.09,-1.0936,238647.0,192431.491
300227.SZ,20250417,8.38,8.88,8.16,8.23,7.8,0.43,5.5128,307190.04,259611.651
300227.SZ,20250416,7.9,8.03,7.61,7.8,7.93,-0.13,-1.6393,106372.0,83168.283
300227.SZ,20250415,7.99,8.28,7.89,7.93,7.92,0.01,0.1263,133006.08,107268.419
300227.SZ,20250414,7.85,8.0,7.83,7.92,7.69,0.23,2.9909,110612.45,87553.606
300227.SZ,20250411,7.6,7.8,7.58,7.69,7.71,-0.02,-0.2594,93220.04,71857.106
300227.SZ,20250410,7.54,7.86,7.5,7.71,7.33,0.38,5.1842,155180.49,119615.463
300227.SZ,20250409,6.9,7.41,6.49,7.33,7.04,0.29,4.1193,163434.59,114845.5
300227.SZ,20250408,6.92,7.29,6.85,7.04,6.9,0.14,2.029,150253.2,105951.486
300227.SZ,20250407,7.71,7.94,6.7,6.9,8.33,-1.43,-17.1669,210977.69,153975.911
300227.SZ,20250403,8.15,8.65,8.12,8.33,8.23,0.1,1.2151,99517.0,83440.986
300227.SZ,20250402,8.09,8.4,8.08,8.23,8.12,0.11,1.3547,81549.74,67273.579
300227.SZ,20250401,8.14,8.24,8.11,8.12,8.12,0.0,0.0,71796.74,58706.419
300227.SZ,20250331,8.38,8.38,8.01,8.12,8.42,-0.3,-3.5629,128920.5,105225.949
300227.SZ,20250328,8.63,8.76,8.42,8.42,8.65,-0.23,-2.659,127867.5,109096.554
300227.SZ,20250327,8.77,8.8,8.46,8.65,8.75,-0.1,-1.1429,159318.2,137396.633
300227.SZ,20250326,8.63,8.98,8.6,8.75,8.65,0.1,1.1561,148348.5,130637.07
300227.SZ,20250325,8.79,8.98,8.52,8.65,8.8,-0.15,-1.7045,169976.5,147864.336
300227.SZ,20250324,9.13,9.14,8.51,8.8,9.22,-0.42,-4.5553,338521.52,297601.622
300227.SZ,20250321,9.2,9.62,9.11,9.22,9.32,-0.1,-1.073,436720.14,409652.001
300227.SZ,20250320,9.15,9.45,9.05,9.32,9.25,0.07,0.7568,410145.01,378511.45
300227.SZ,20250319,9.0,9.5,8.82,9.25,8.98,0.27,3.0067,603954.04,554071.15
300227.SZ,20250318,8.8,8.98,8.72,8.98,8.84,0.14,1.5837,242608.74,215267.203
300227.SZ,20250317,8.7,8.85,8.46,8.84,8.85,-0.01,-0.113,244786.82,212392.792
300227.SZ,20250314,8.7,8.87,8.56,8.85,8.72,0.13,1.4908,135969.2,119038.786
300227.SZ,20250313,8.9,8.93,8.59,8.72,8.9,-0.18,-2.0225,159686.0,138954.549
300227.SZ,20250312,9.04,9.1,8.89,8.9,8.94,-0.04,-0.4474,180624.0,161867.3
300227.SZ,20250311,8.83,9.03,8.77,8.94,8.98,-0.04,-0.4454,185964.58,165764.454
300227.SZ,20250310,8.91,9.08,8.85,8.98,8.87,0.11,1.2401,209605.08,188596.053
300227.SZ,20250307,8.86,9.08,8.76,8.87,8.86,0.01,0.1129,234823.0,209652.734
300227.SZ,20250306,8.72,8.94,8.7,8.86,8.7,0.16,1.8391,188412.4,166547.535
300227.SZ,20250305,8.53,8.72,8.45,8.7,8.57,0.13,1.5169,130188.3,111586.015
300227.SZ,20250304,8.28,8.58,8.26,8.57,8.32,0.25,3.0048,120977.0,102645.859
300227.SZ,20250303,8.36,8.57,8.26,8.32,8.38,-0.06,-0.716,121632.8,102470.934
300227.SZ,20250228,8.83,8.85,8.35,8.38,8.91,-0.53,-5.9484,171548.0,147114.166
300227.SZ,20250227,9.09,9.1,8.72,8.91,9.09,-0.18,-1.9802,237722.75,211107.417
300227.SZ,20250226,8.99,9.19,8.91,9.09,9.11,-0.02,-0.2195,280445.75,253128.337
300227.SZ,20250225,9.02,9.2,8.94,9.11,8.95,0.16,1.7877,392767.45,357053.021
300227.SZ,20250224,8.84,9.06,8.62,8.95,8.8,0.15,1.7045,286383.0,254256.288
300227.SZ,20250221,8.6,8.8,8.51,8.8,8.66,0.14,1.6166,192531.54,166824.754
300227.SZ,20250220,8.58,8.66,8.49,8.66,8.56,0.1,1.1682,132803.2,114093.771
300227.SZ,20250219,8.23,8.56,8.21,8.56,8.25,0.31,3.7576,138077.77,116950.935
300227.SZ,20250218,8.68,8.7,8.23,8.25,8.74,-0.49,-5.6064,184187.8,155601.207
300227.SZ,20250217,8.7,8.79,8.62,8.74,8.68,0.06,0.6912,158099.4,137793.25
300227.SZ,20250214,8.7,8.73,8.59,8.68,8.7,-0.02,-0.2299,135882.0,117527.216
300227.SZ,20250213,8.9,9.0,8.69,8.7,8.93,-0.23,-2.5756,200146.53,175979.408
300227.SZ,20250212,8.83,8.97,8.74,8.93,9.03,-0.1,-1.1074,247906.99,219766.997
300227.SZ,20250211,8.69,9.32,8.58,9.03,8.72,0.31,3.555,382253.09,345317.707
300227.SZ,20250210,8.61,8.75,8.57,8.72,8.64,0.08,0.9259,188012.54,162704.65
300227.SZ,20250207,8.44,8.78,8.37,8.64,8.49,0.15,1.7668,259647.06,224159.195
300227.SZ,20250206,8.2,8.49,8.19,8.49,8.39,0.1,1.1919,225510.42,189270.998
300227.SZ,20250205,8.12,8.54,8.06,8.39,8.01,0.38,4.7441,179066.37,148899.555
300227.SZ,20250127,8.3,8.3,8.01,8.01,8.25,-0.24,-2.9091,111503.0,90651.714
300227.SZ,20250124,8.05,8.25,8.02,8.25,8.07,0.18,2.2305,104759.82,85294.734
300227.SZ,20250123,8.14,8.37,8.06,8.07,8.01,0.06,0.7491,128547.14,105684.313
300227.SZ,20250122,8.08,8.12,7.97,8.01,8.14,-0.13,-1.5971,65965.0,53035.302
300227.SZ,20250121,8.15,8.2,7.99,8.14,8.11,0.03,0.3699,90498.0,73097.104
300227.SZ,20250120,8.1,8.17,7.99,8.11,8.03,0.08,0.9963,97534.34,79058.974
300227.SZ,20250117,7.98,8.11,7.95,8.03,8.04,-0.01,-0.1244,102460.8,82499.098
300227.SZ,20250116,8.05,8.22,7.91,8.04,7.96,0.08,1.005,138693.58,111671.666
300227.SZ,20250115,8.08,8.1,7.94,7.96,8.08,-0.12,-1.4851,120979.0,96977.833
300227.SZ,20250114,7.62,8.08,7.62,8.08,7.63,0.45,5.8978,166779.1,132362.496
300227.SZ,20250113,7.43,7.69,7.24,7.63,7.55,0.08,1.0596,102764.15,77200.676
300227.SZ,20250110,7.82,7.96,7.55,7.55,7.87,-0.32,-4.0661,115256.57,89492.151
300227.SZ,20250109,7.7,8.0,7.67,7.87,7.76,0.11,1.4175,118426.8,93321.561
300227.SZ,20250108,7.85,7.89,7.45,7.76,7.86,-0.1,-1.2723,139523.0,107265.027
300227.SZ,20250107,7.56,7.86,7.55,7.86,7.47,0.39,5.2209,144011.3,111161.608
300227.SZ,20250106,7.63,7.73,7.28,7.47,7.59,-0.12,-1.581,106442.5,79783.929
300227.SZ,20250103,8.08,8.14,7.56,7.59,8.04,-0.45,-5.597,174831.8,136701.676
300227.SZ,20250102,8.33,8.4,7.95,8.04,8.33,-0.29,-3.4814,157963.04,128989.115
300227.SZ,20241231,8.84,9.08,8.32,8.33,8.88,-0.55,-6.1937,181533.7,155489.851
300227.SZ,20241230,9.03,9.14,8.71,8.88,9.11,-0.23,-2.5247,157300.61,139665.024
300227.SZ,20241227,9.23,9.48,9.05,9.11,8.83,0.28,3.171,264512.68,243258.046
300227.SZ,20241226,8.55,8.93,8.44,8.83,8.45,0.38,4.497,183455.39,161009.943
300227.SZ,20241225,8.7,8.78,8.23,8.45,8.78,-0.33,-3.7585,211549.94,178004.724
300227.SZ,20241224,8.87,9.06,8.6,8.78,8.84,-0.06,-0.6787,158468.04,139028.339
300227.SZ,20241223,9.26,9.32,8.78,8.84,9.31,-0.47,-5.0483,186071.44,167237.405
300227.SZ,20241220,9.13,9.36,9.07,9.31,9.2,0.11,1.1957,144727.28,134079.058
300227.SZ,20241219,9.04,9.32,9.0,9.2,9.19,0.01,0.1088,149592.7,137254.346
300227.SZ,20241218,9.08,9.36,8.87,9.19,8.98,0.21,2.3385,183354.3,167511.925
300227.SZ,20241217,9.37,9.44,8.95,8.98,9.45,-0.47,-4.9735,245395.15,223042.639
300227.SZ,20241216,10.23,10.29,9.37,9.45,10.01,-0.56,-5.5944,335997.0,328283.91
300227.SZ,20241213,10.1,10.32,10.0,10.01,10.22,-0.21,-2.0548,306998.0,312671.589
300227.SZ,20241212,10.5,10.56,10.1,10.22,10.47,-0.25,-2.3878,383592.65,392653.442
300227.SZ,20241211,9.74,10.58,9.74,10.47,9.66,0.81,8.3851,656127.05,670822.83
300227.SZ,20241210,9.94,10.04,9.6,9.66,9.69,-0.03,-0.3096,229506.6,225434.963
300227.SZ,20241209,9.61,9.79,9.53,9.69,9.67,0.02,0.2068,158015.2,152345.169
300227.SZ,20241206,9.68,9.75,9.46,9.67,9.67,0.0,0.0,181693.36,174777.061
300227.SZ,20241205,9.5,9.71,9.49,9.67,9.61,0.06,0.6243,172987.2,166551.025
300227.SZ,20241204,9.81,9.98,9.55,9.61,9.86,-0.25,-2.5355,229773.63,224474.211
300227.SZ,20241203,10.1,10.1,9.76,9.86,10.09,-0.23,-2.2795,259268.88,256474.729
300227.SZ,20241202,10.03,10.24,9.83,10.09,10.03,0.06,0.5982,402293.3,403288.284
300227.SZ,20241129,9.46,10.12,9.3,10.03,9.46,0.57,6.0254,460310.53,450055.937
300227.SZ,20241128,9.26,9.7,9.14,9.46,9.19,0.27,2.938,305334.56,289653.058
300227.SZ,20241127,8.92,9.19,8.66,9.19,9.01,0.18,1.9978,181980.79,161920.706
300227.SZ,20241126,9.2,9.4,8.99,9.01,9.19,-0.18,-1.9587,173047.7,158870.285
300227.SZ,20241125,8.98,9.2,8.8,9.19,9.05,0.14,1.547,200792.7,180295.72
300227.SZ,20241122,9.5,9.72,9.02,9.05,9.48,-0.43,-4.5359,269063.19,253460.576
300227.SZ,20241121,9.57,9.58,9.32,9.48,9.65,-0.17,-1.7617,233236.32,220737.92
300227.SZ,20241120,9.17,9.69,9.1,9.65,9.26,0.39,4.2117,332110.0,313747.882
300227.SZ,20241119,8.85,9.26,8.77,9.26,8.67,0.59,6.8051,289398.91,259659.425
300227.SZ,20241118,9.31,9.44,8.52,8.67,9.23,-0.56,-6.0672,297836.48,263312.109
300227.SZ,20241115,9.64,9.76,9.15,9.23,9.65,-0.42,-4.3523,291317.42,276336.906
300227.SZ,20241114,10.02,10.13,9.64,9.65,10.11,-0.46,-4.55,262985.93,259997.057
300227.SZ,20241113,10.06,10.23,9.75,10.11,10.18,-0.07,-0.6876,316672.68,316430.173
300227.SZ,20241112,10.8,10.8,10.0,10.18,10.87,-0.69,-6.3477,616501.47,634590.26
300227.SZ,20241111,10.73,11.26,10.61,10.87,10.75,0.12,1.1163,857967.76,934080.08
300227.SZ,20241108,9.97,11.75,9.8,10.75,10.17,0.58,5.703,1097404.28,1162618.447
300227.SZ,20241107,10.4,10.97,9.73,10.17,10.09,0.08,0.7929,1329266.29,1388392.521
300227.SZ,20241106,8.6,10.09,8.6,10.09,8.41,1.68,19.9762,783437.55,745006.841
300227.SZ,20241105,8.11,8.48,8.05,8.41,8.13,0.28,3.444,256715.8,214525.583
300227.SZ,20241104,7.8,8.23,7.8,8.13,7.95,0.18,2.2642,160891.95,130554.607
300227.SZ,20241101,8.6,8.61,7.95,7.95,8.75,-0.8,-9.1429,410995.7,339304.318
300227.SZ,20241031,8.7,9.06,8.63,8.75,8.85,-0.1,-1.1299,411888.74,363325.097
300227.SZ,20241030,8.4,8.92,8.32,8.85,8.45,0.4,4.7337,451625.41,389422.842
300227.SZ,20241029,8.68,8.8,8.4,8.45,8.9,-0.45,-5.0562,486331.74,415305.609
300227.SZ,20241028,8.81,9.05,8.53,8.9,8.49,0.41,4.8292,640488.91,565283.926
300227.SZ,20241025,8.0,8.58,7.97,8.49,7.82,0.67,8.5678,527832.63,439135.248
300227.SZ,20241024,7.96,8.0,7.75,7.82,8.03,-0.21,-2.6152,248118.6,194425.896
300227.SZ,20241023,7.88,8.31,7.88,8.03,8.16,-0.13,-1.5931,409270.1,329816.418
300227.SZ,20241022,8.4,9.2,8.14,8.16,8.06,0.1,1.2407,636043.11,545003.883
300227.SZ,20241021,7.69,8.2,7.69,8.06,7.78,0.28,3.599,415877.7,332322.963
300227.SZ,20241018,7.5,7.93,7.43,7.78,7.55,0.23,3.0464,375611.42,289960.843
300227.SZ,20241017,7.47,7.8,7.47,7.55,7.47,0.08,1.071,290251.34,221318.187
300227.SZ,20241016,7.43,7.58,7.3,7.47,7.58,-0.11,-1.4512,264718.77,197437.935
300227.SZ,20241015,7.68,7.89,7.39,7.58,7.72,-0.14,-1.8135,431106.37,329802.596
300227.SZ,20241014,7.04,7.98,6.91,7.72,6.91,0.81,11.7221,493996.93,372388.157
300227.SZ,20241011,7.2,7.36,6.78,6.91,7.35,-0.44,-5.9864,261125.18,183754.601
300227.SZ,20241010,7.4,7.77,7.3,7.35,7.18,0.17,2.3677,318463.58,239029.322
300227.SZ,20241009,8.3,8.32,7.18,7.18,8.97,-1.79,-19.9554,561311.0,440555.354
300227.SZ,20241008,8.4,9.03,8.0,8.97,7.6,1.37,18.0263,835915.01,715286.822
300227.SZ,20240930,6.99,7.74,6.89,7.6,6.46,1.14,17.6471,633650.95,463768.86
300227.SZ,20240927,5.68,6.49,5.58,6.46,5.61,0.85,15.1515,489074.28,293715.084
300227.SZ,20240926,5.55,5.61,5.47,5.61,5.55,0.06,1.0811,167033.04,92580.836
300227.SZ,20240925,5.41,5.66,5.36,5.55,5.38,0.17,3.1599,292600.9,161039.19
300227.SZ,20240924,5.26,5.38,5.23,5.38,5.28,0.1,1.8939,159204.97,84826.635
300227.SZ,20240923,5.15,5.32,5.12,5.28,5.13,0.15,2.924,124022.1,65119.527
300227.SZ,20240920,5.12,5.15,5.07,5.13,5.13,0.0,0.0,64673.1,33063.987
300227.SZ,20240919,5.0,5.14,4.97,5.13,4.98,0.15,3.012,76513.1,38872.055
300227.SZ,20240918,5.04,5.08,4.88,4.98,5.04,-0.06,-1.1905,75452.0,37373.437
300227.SZ,20240913,5.17,5.22,5.02,5.04,5.17,-0.13,-2.5145,92466.9,47088.918
300227.SZ,20240912,5.2,5.26,5.16,5.17,5.17,0.0,0.0,72913.1,38018.097
300227.SZ,20240911,5.27,5.28,5.14,5.17,5.26,-0.09,-1.711,83998.0,43653.291
300227.SZ,20240910,5.21,5.3,5.12,5.28,5.21,0.07,1.3436,89084.6,46396.91
300227.SZ,20240909,5.18,5.27,5.14,5.21,5.19,0.02,0.3854,80653.0,41981.088
300227.SZ,20240906,5.32,5.35,5.17,5.19,5.35,-0.16,-2.9907,108718.0,56910.272
300227.SZ,20240905,5.33,5.38,5.28,5.35,5.34,0.01,0.1873,111879.78,59617.135
300227.SZ,20240904,5.39,5.4,5.28,5.34,5.43,-0.09,-1.6575,124830.0,66486.25
300227.SZ,20240903,5.27,5.52,5.27,5.43,5.36,0.07,1.306,212612.2,114261.318
300227.SZ,20240902,5.29,5.61,5.25,5.36,5.37,-0.01,-0.1862,247435.4,135240.539
300227.SZ,20240830,5.3,5.5,5.3,5.37,5.31,0.06,1.1299,286926.8,155015.711
300227.SZ,20240829,5.11,5.4,5.09,5.31,5.15,0.16,3.1068,281173.8,148106.431
300227.SZ,20240828,4.9,5.33,4.86,5.15,4.93,0.22,4.4625,188813.92,96131.584
300227.SZ,20240827,5.1,5.14,4.91,4.93,5.12,-0.19,-3.7109,106179.0,53061.992
300227.SZ,20240826,4.92,5.13,4.9,5.12,4.93,0.19,3.854,122419.6,61882.677
300227.SZ,20240823,4.86,4.97,4.8,4.93,4.88,0.05,1.0246,76276.17,37355.313
300227.SZ,20240822,5.0,5.05,4.88,4.88,5.04,-0.16,-3.1746,80147.6,39780.288
300227.SZ,20240821,4.95,5.09,4.95,5.04,4.99,0.05,1.002,80514.11,40526.912
300227.SZ,20240820,5.04,5.05,4.93,4.99,5.01,-0.02,-0.3992,75744.11,37800.147
300227.SZ,20240819,5.08,5.1,4.96,5.01,5.1,-0.09,-1.7647,99611.7,50060.665
300227.SZ,20240816,5.04,5.16,5.02,5.1,5.01,0.09,1.7964,117556.4,59983.005
300227.SZ,20240815,4.93,5.05,4.86,5.01,4.93,0.08,1.6227,88638.05,44211.823
300227.SZ,20240814,4.91,4.97,4.88,4.93,4.9,0.03,0.6122,77548.05,38271.8
300227.SZ,20240813,4.82,4.91,4.78,4.9,4.84,0.06,1.2397,80279.0,38964.903
300227.SZ,20240812,4.93,4.99,4.82,4.84,4.96,-0.12,-2.4194,107889.0,52691.737
300227.SZ,20240809,5.0,5.19,4.96,4.96,4.93,0.03,0.6085,133093.4,67197.207
300227.SZ,20240808,5.1,5.11,4.9,4.93,5.07,-0.14,-2.7613,106870.0,53102.252
300227.SZ,20240807,4.95,5.2,4.91,5.07,4.94,0.13,2.6316,145113.32,73572.707
300227.SZ,20240806,4.88,4.96,4.83,4.94,4.81,0.13,2.7027,86335.8,42317.063
300227.SZ,20240805,5.02,5.05,4.8,4.81,5.17,-0.36,-6.9632,163645.0,80873.871
300227.SZ,20240802,5.26,5.33,5.14,5.17,5.32,-0.15,-2.8195,136597.6,71614.121
300227.SZ,20240801,5.18,5.33,5.16,5.32,5.19,0.13,2.5048,150111.7,78977.66
300227.SZ,20240731,5.04,5.19,5.01,5.19,5.03,0.16,3.1809,126821.4,65014.214
300227.SZ,20240730,5.02,5.1,4.95,5.03,5.03,0.0,0.0,102062.6,51373.445
300227.SZ,20240729,4.95,5.08,4.93,5.03,4.95,0.08,1.6162,104791.26,52473.726
300227.SZ,20240726,4.76,4.96,4.76,4.95,4.78,0.17,3.5565,120393.6,58932.645
300227.SZ,20240725,4.78,4.85,4.71,4.78,4.81,-0.03,-0.6237,103343.0,49354.143
300227.SZ,20240724,4.78,4.94,4.77,4.81,4.86,-0.05,-1.0288,98240.53,47492.324
300227.SZ,20240723,4.93,5.06,4.83,4.86,4.94,-0.08,-1.6194,117529.74,58120.553
300227.SZ,20240722,4.89,4.99,4.82,4.94,4.91,0.03,0.611,109331.72,53755.205
300227.SZ,20240719,4.82,4.96,4.75,4.91,4.84,0.07,1.4463,134929.9,66046.16
300227.SZ,20240718,4.91,4.92,4.7,4.84,5.03,-0.19,-3.7773,224718.56,108095.359
300227.SZ,20240717,5.25,5.32,5.02,5.03,5.58,-0.55,-9.8566,332133.9,171326.102
300227.SZ,20240716,5.4,5.96,5.33,5.58,5.39,0.19,3.525,316472.9,177320.805
300227.SZ,20240715,5.45,5.5,5.31,5.39,5.5,-0.11,-2.0,118632.8,63955.49
300227.SZ,20240712,5.48,5.56,5.38,5.5,5.52,-0.02,-0.3623,141803.4,77386.797
300227.SZ,20240711,5.32,5.6,5.31,5.52,5.21,0.31,5.9501,134930.5,73839.246
300227.SZ,20240710,5.28,5.3,5.19,5.21,5.28,-0.07,-1.3258,72555.8,38099.396
300227.SZ,20240709,5.05,5.29,4.97,5.28,5.05,0.23,4.5545,125200.8,64493.134
300227.SZ,20240708,5.2,5.22,5.03,5.05,5.28,-0.23,-4.3561,101961.14,51908.822
300227.SZ,20240705,5.17,5.31,5.01,5.28,5.16,0.12,2.3256,115110.7,59642.857
300227.SZ,20240704,5.36,5.38,5.12,5.16,5.35,-0.19,-3.5514,99673.98,52101.793
300227.SZ,20240703,5.43,5.45,5.31,5.35,5.44,-0.09,-1.6544,101661.38,54665.968
300227.SZ,20240702,5.34,5.49,5.32,5.44,5.37,0.07,1.3035,88428.48,47789.412
300227.SZ,20240701,5.47,5.51,5.23,5.37,5.47,-0.1,-1.8282,116017.09,61852.044
300227.SZ,20240628,5.31,5.54,5.27,5.47,5.31,0.16,3.0132,117459.04,64207.958
300227.SZ,20240627,5.39,5.48,5.3,5.31,5.37,-0.06,-1.1173,91018.54,49108.017
300227.SZ,20240626,5.16,5.38,5.07,5.37,5.16,0.21,4.0698,89891.74,46995.303
300227.SZ,20240625,5.14,5.26,5.1,5.16,5.12,0.04,0.7813,97529.89,50588.91
300227.SZ,20240624,5.35,5.35,5.1,5.12,5.39,-0.27,-5.0093,86964.5,45227.024
300227.SZ,20240621,5.42,5.43,5.26,5.39,5.42,-0.03,-0.5535,82983.02,44532.087
300227.SZ,20240620,5.55,5.65,5.41,5.42,5.6,-0.18,-3.2143,110815.0,61168.293
300227.SZ,20240619,5.67,5.76,5.54,5.6,5.63,-0.03,-0.5329,128075.4,72191.475
300227.SZ,20240618,5.44,5.68,5.42,5.63,5.43,0.2,3.6832,136617.74,75934.572
300227.SZ,20240617,5.29,5.53,5.25,5.43,5.32,0.11,2.0677,118133.0,63892.377
300227.SZ,20240614,5.35,5.35,5.24,5.32,5.32,0.0,0.0,81219.4,43025.366
300227.SZ,20240613,5.38,5.54,5.32,5.32,5.36,-0.04,-0.7463,138648.0,75212.362
300227.SZ,20240612,5.3,5.42,5.26,5.36,5.28,0.08,1.5152,128472.0,68893.693
300227.SZ,20240611,5.08,5.28,4.9,5.28,5.08,0.2,3.937,143116.05,73343.894
300227.SZ,20240607,5.01,5.12,4.97,5.08,4.93,0.15,3.0426,144163.28,72750.609
300227.SZ,20240606,5.22,5.36,4.85,4.93,5.2,-0.27,-5.1923,228779.74,114684.985
300227.SZ,20240605,5.21,5.34,5.08,5.2,5.4,-0.2,-3.7037,183948.5,96169.241
300227.SZ,20240604,5.8,5.82,5.3,5.4,5.72,-0.32,-5.5944,247458.9,135161.406
300227.SZ,20240603,5.93,5.99,5.63,5.72,5.97,-0.25,-4.1876,263310.0,152531.211
300227.SZ,20240531,5.75,6.19,5.75,5.97,5.62,0.35,6.2278,418168.66,249321.371
300227.SZ,20240530,5.51,5.7,5.43,5.62,5.54,0.08,1.444,134176.74,75105.287
300227.SZ,20240529,5.46,5.6,5.46,5.54,5.5,0.04,0.7273,99960.7,55384.573
300227.SZ,20240528,5.64,5.64,5.43,5.5,5.63,-0.13,-2.3091,133562.0,73763.99
300227.SZ,20240527,5.94,5.94,5.54,5.63,5.94,-0.31,-5.2189,234049.04,132057.716
300227.SZ,20240524,6.0,6.1,5.8,5.94,6.01,-0.07,-1.1647,173476.4,102766.193
300227.SZ,20240523,6.08,6.11,5.91,6.01,6.05,-0.04,-0.6612,195463.8,117058.804
300227.SZ,20240522,5.96,6.07,5.76,6.05,6.42,-0.37,-5.7632,416704.63,247588.284
300227.SZ,20240521,6.5,6.51,6.33,6.42,6.57,-0.15,-2.2831,136969.0,87894.554
300227.SZ,20240520,6.68,6.69,6.5,6.57,6.64,-0.07,-1.0542,172193.2,113091.369
300227.SZ,20240517,6.36,6.67,6.36,6.64,6.34,0.3,4.7319,226252.52,148520.048
300227.SZ,20240516,6.29,6.57,6.29,6.34,6.23,0.11,1.7657,165461.03,106065.844
300227.SZ,20240515,6.32,6.49,6.14,6.23,6.41,-0.18,-2.8081,198158.74,124757.37
300227.SZ,20240514,6.35,6.6,6.35,6.41,6.65,-0.24,-3.609,311597.74,201061.855
300227.SZ,20240513,7.09,7.24,6.65,6.65,6.96,-0.31,-4.454,375046.82,261216.792
300227.SZ,20240510,6.81,7.09,6.68,6.96,6.87,0.09,1.31,346199.5,239235.22
300227.SZ,20240509,6.6,6.99,6.6,6.87,6.57,0.3,4.5662,260621.93,176547.361
300227.SZ,20240508,6.76,6.76,6.55,6.57,6.84,-0.27,-3.9474,192971.24,128127.397
300227.SZ,20240507,6.53,6.92,6.49,6.84,6.55,0.29,4.4275,323554.04,218549.38
300227.SZ,20240506,6.71,6.76,6.53,6.55,6.73,-0.18,-2.6746,228222.0,151368.585
300227.SZ,20240430,6.69,6.88,6.55,6.73,6.72,0.01,0.1488,233584.27,156677.669
300227.SZ,20240429,6.59,6.75,6.59,6.72,6.76,-0.04,-0.5917,269336.32,180011.214
300227.SZ,20240426,6.2,6.97,6.16,6.76,6.26,0.5,7.9872,401641.91,268102.369
300227.SZ,20240425,6.18,6.42,6.09,6.26,6.19,0.07,1.1309,162704.44,101779.182
300227.SZ,20240424,5.84,6.2,5.81,6.19,5.86,0.33,5.6314,127068.5,77247.0
300227.SZ,20240423,5.74,5.9,5.74,5.86,5.73,0.13,2.2688,99998.0,58338.756
300227.SZ,20240422,5.85,5.88,5.65,5.73,5.9,-0.17,-2.8814,98768.3,56903.234
300227.SZ,20240419,5.86,5.91,5.73,5.9,5.83,0.07,1.2007,112594.0,65551.545
300227.SZ,20240418,5.92,6.04,5.73,5.83,5.87,-0.04,-0.6814,108333.5,63663.737
300227.SZ,20240417,5.35,5.87,5.35,5.87,5.24,0.63,12.0229,134392.3,76551.072
300227.SZ,20240416,5.75,5.78,5.24,5.24,5.8,-0.56,-9.6552,144680.47,78357.578
300227.SZ,20240415,6.19,6.24,5.67,5.8,6.18,-0.38,-6.1489,154753.58,91207.007
300227.SZ,20240412,6.41,6.48,6.1,6.18,6.4,-0.22,-3.4375,108871.3,68360.814
300227.SZ,20240411,6.37,6.55,6.34,6.4,6.5,-0.1,-1.5385,102604.78,66173.793
300227.SZ,20240410,6.7,6.7,6.4,6.5,6.7,-0.2,-2.9851,119777.1,78165.932
300227.SZ,20240409,6.47,6.7,6.47,6.7,6.47,0.23,3.5549,113104.5,74675.161
300227.SZ,20240408,6.79,6.79,6.46,6.47,6.81,-0.34,-4.9927,131588.0,86118.447
300227.SZ,20240403,6.89,6.92,6.67,6.81,6.99,-0.18,-2.5751,141572.6,95941.361
300227.SZ,20240402,7.05,7.12,6.86,6.99,7.1,-0.11,-1.5493,200922.96,140430.341
300227.SZ,20240401,7.06,7.13,6.95,7.1,7.05,0.05,0.7092,232232.7,163718.007
300227.SZ,20240329,6.88,7.07,6.73,7.05,7.02,0.03,0.4274,280474.4,193653.039
300227.SZ,20240328,6.5,7.14,6.5,7.02,6.42,0.6,9.3458,308505.64,212323.419
300227.SZ,20240327,6.64,6.85,6.35,6.42,6.72,-0.3,-4.4643,175120.44,114295.688
300227.SZ,20240326,6.72,6.88,6.62,6.72,6.64,0.08,1.2048,134869.4,90681.966
300227.SZ,20240325,6.94,6.94,6.59,6.64,6.97,-0.33,-4.7346,142451.8,96462.552
300227.SZ,20240322,6.93,7.11,6.86,6.97,6.98,-0.01,-0.1433,159028.16,111040.584
300227.SZ,20240321,6.99,7.06,6.86,6.98,6.97,0.01,0.1435,141698.32,98739.467
300227.SZ,20240320,6.89,7.02,6.86,6.97,6.92,0.05,0.7225,125531.0,87345.159
300227.SZ,20240319,6.96,6.98,6.78,6.92,6.97,-0.05,-0.7174,179660.27,123786.066
300227.SZ,20240318,6.69,7.1,6.67,6.97,6.67,0.3,4.4978,199477.2,137549.657
300227.SZ,20240315,6.47,6.67,6.45,6.67,6.5,0.17,2.6154,115507.1,76058.323
300227.SZ,20240314,6.58,6.66,6.38,6.5,6.64,-0.14,-2.1084,117034.0,76235.268
300227.SZ,20240313,6.56,6.73,6.5,6.64,6.59,0.05,0.7587,170664.0,112977.554
300227.SZ,20240312,6.6,6.63,6.46,6.59,6.63,-0.04,-0.6033,158645.54,103757.217
300227.SZ,20240311,6.36,6.67,6.34,6.63,6.42,0.21,3.271,191276.35,125254.84
300227.SZ,20240308,6.24,6.46,6.16,6.42,6.22,0.2,3.2154,152055.24,96370.507
300227.SZ,20240307,6.31,6.43,6.2,6.22,6.31,-0.09,-1.4263,113952.8,72095.67
300227.SZ,20240306,6.15,6.38,6.15,6.31,6.2,0.11,1.7742,103306.4,64731.492
300227.SZ,20240305,6.34,6.34,6.16,6.2,6.37,-0.17,-2.6688,102074.4,63692.654
300227.SZ,20240304,6.39,6.4,6.2,6.37,6.4,-0.03,-0.4688,97273.65,61481.264
300227.SZ,20240301,6.26,6.48,6.21,6.4,6.18,0.22,3.5599,145639.55,92602.321
300227.SZ,20240229,5.84,6.2,5.84,6.18,5.85,0.33,5.641,143933.23,87748.691
300227.SZ,20240228,6.51,6.56,5.83,5.85,6.52,-0.67,-10.2761,244953.01,153302.459
300227.SZ,20240227,6.23,6.52,6.18,6.52,6.29,0.23,3.6566,176615.79,112112.694
300227.SZ,20240226,6.08,6.42,6.04,6.29,6.08,0.21,3.4539,256886.0,159989.936
300227.SZ,20240223,5.97,6.08,5.9,6.08,5.97,0.11,1.8425,208138.64,124688.153
300227.SZ,20240222,5.7,6.05,5.68,5.97,5.88,0.09,1.5306,222212.0,130803.828
300227.SZ,20240221,5.56,6.07,5.55,5.88,5.63,0.25,4.4405,254006.56,148782.772
300227.SZ,20240220,5.4,5.85,5.28,5.63,5.44,0.19,3.4926,144312.46,79800.901
300227.SZ,20240219,5.31,5.6,5.31,5.44,5.24,0.2,3.8168,183978.16,100172.885
300227.SZ,20240208,4.64,5.26,4.53,5.24,4.63,0.61,13.1749,211676.0,103317.262
300227.SZ,20240207,4.75,4.93,4.54,4.63,4.75,-0.12,-2.5263,178173.21,84694.321
300227.SZ,20240206,4.52,4.98,4.21,4.75,4.7,0.05,1.0638,201397.5,91629.493
300227.SZ,20240205,5.16,5.24,4.52,4.7,5.26,-0.56,-10.6464,185202.77,88271.936
300227.SZ,20240202,5.63,5.71,5.01,5.26,5.61,-0.35,-6.2389,131805.17,70576.734
300227.SZ,20240201,5.66,5.75,5.49,5.61,5.67,-0.06,-1.0582,112827.46,63274.797
300227.SZ,20240131,6.05,6.07,5.64,5.67,6.03,-0.36,-5.9701,117687.92,68566.02
300227.SZ,20240130,6.21,6.3,6.0,6.03,6.27,-0.24,-3.8278,86054.48,52924.089
300227.SZ,20240129,6.51,6.56,6.24,6.27,6.51,-0.24,-3.6866,85790.81,54555.055
300227.SZ,20240126,6.61,6.66,6.49,6.51,6.67,-0.16,-2.3988,103893.0,68264.765
300227.SZ,20240125,6.62,6.75,6.43,6.67,6.33,0.34,5.3712,177623.7,116904.96
300227.SZ,20240124,6.27,6.36,6.06,6.33,6.26,0.07,1.1182,83708.0,52116.797
300227.SZ,20240123,6.25,6.34,6.1,6.26,6.27,-0.01,-0.1595,100150.3,62160.188
300227.SZ,20240122,6.74,6.78,6.21,6.27,6.74,-0.47,-6.9733,84217.0,54841.51
300227.SZ,20240119,6.88,6.93,6.72,6.74,6.92,-0.18,-2.6012,60094.31,41004.744
300227.SZ,20240118,6.98,7.03,6.69,6.92,6.98,-0.06,-0.8596,94167.2,64274.258
300227.SZ,20240117,7.17,7.18,6.98,6.98,7.15,-0.17,-2.3776,48926.1,34631.052
300227.SZ,20240116,7.22,7.25,7.04,7.15,7.22,-0.07,-0.9695,60732.3,43346.111
300227.SZ,20240115,7.32,7.32,7.11,7.22,7.25,-0.03,-0.4138,51472.3,37068.786
300227.SZ,20240112,7.36,7.4,7.24,7.25,7.39,-0.14,-1.8945,47708.3,34899.401
300227.SZ,20240111,7.18,7.39,7.15,7.39,7.18,0.21,2.9248,54512.0,39803.544
300227.SZ,20240110,7.3,7.33,7.13,7.18,7.32,-0.14,-1.9126,53761.0,38810.167
300227.SZ,20240109,7.28,7.43,7.26,7.32,7.25,0.07,0.9655,73101.5,53755.654
300227.SZ,20240108,7.43,7.46,7.25,7.25,7.42,-0.17,-2.2911,62887.0,46156.198
300227.SZ,20240105,7.74,7.76,7.37,7.42,7.69,-0.27,-3.5111,80647.9,60758.259
300227.SZ,20240104,7.74,7.8,7.65,7.69,7.77,-0.08,-1.0296,59025.3,45449.723
300227.SZ,20240103,7.85,7.92,7.67,7.77,7.87,-0.1,-1.2706,74956.6,58183.885
300227.SZ,20240102,7.86,7.92,7.82,7.87,7.84,0.03,0.3827,73525.82,57887.983
300227.SZ,20231229,7.6,7.86,7.59,7.84,7.6,0.24,3.1579,80392.26,62650.554
300227.SZ,20231228,7.48,7.66,7.41,7.6,7.51,0.09,1.1984,68456.0,51842.88
300227.SZ,20231227,7.42,7.52,7.37,7.51,7.4,0.11,1.4865,52492.42,39161.417
300227.SZ,20231226,7.65,7.65,7.34,7.4,7.61,-0.21,-2.7595,66987.42,49740.555
300227.SZ,20231225,7.58,7.74,7.55,7.61,7.57,0.04,0.5284,61485.0,46997.997
300227.SZ,20231222,7.67,7.71,7.54,7.57,7.67,-0.1,-1.3038,71160.0,54308.74
300227.SZ,20231221,7.58,7.73,7.48,7.67,7.64,0.03,0.3927,59325.1,45129.503
300227.SZ,20231220,7.68,7.82,7.63,7.64,7.68,-0.04,-0.5208,62620.0,48297.24
300227.SZ,20231219,7.6,7.72,7.57,7.68,7.6,0.08,1.0526,59751.0,45729.247
300227.SZ,20231218,7.76,7.78,7.6,7.6,7.78,-0.18,-2.3136,50109.26,38428.537
300227.SZ,20231215,7.81,7.89,7.72,7.78,7.83,-0.05,-0.6386,45475.0,35431.617
300227.SZ,20231214,7.9,7.97,7.82,7.83,7.85,-0.02,-0.2548,47377.0,37427.939
300227.SZ,20231213,7.92,8.0,7.84,7.85,7.94,-0.09,-1.1335,51720.5,40855.187
300227.SZ,20231212,7.89,7.94,7.84,7.94,7.89,0.05,0.6337,54540.0,43087.751
300227.SZ,20231211,7.77,7.91,7.71,7.89,7.84,0.05,0.6378,69207.0,54203.435
300227.SZ,20231208,7.85,7.99,7.81,7.84,7.83,0.01,0.1277,82987.7,65446.372
300227.SZ,20231207,7.95,7.98,7.77,7.83,7.96,-0.13,-1.6332,110438.7,87193.376
300227.SZ,20231206,7.89,7.97,7.82,7.96,7.89,0.07,0.8872,86992.9,68768.674
300227.SZ,20231205,8.13,8.14,7.88,7.89,8.15,-0.26,-3.1902,83277.0,66442.968
300227.SZ,20231204,8.17,8.23,8.1,8.15,8.17,-0.02,-0.2448,67202.9,54839.852
300227.SZ,20231201,8.15,8.19,8.1,8.17,8.15,0.02,0.2454,67610.62,55095.735
300227.SZ,20231130,8.29,8.37,8.05,8.15,8.33,-0.18,-2.1609,89875.27,73211.18
300227.SZ,20231129,8.34,8.44,8.28,8.33,8.34,-0.01,-0.1199,84796.7,70867.432
300227.SZ,20231128,8.18,8.38,8.15,8.34,8.23,0.11,1.3366,90285.25,74987.076
300227.SZ,20231127,8.1,8.25,8.05,8.23,8.1,0.13,1.6049,76289.54,62498.731
300227.SZ,20231124,8.23,8.26,8.07,8.1,8.28,-0.18,-2.1739,82409.0,67078.302
300227.SZ,20231123,8.15,8.29,8.12,8.28,8.15,0.13,1.5951,67267.97,55318.778
300227.SZ,20231122,8.24,8.31,8.15,8.15,8.28,-0.13,-1.57,71098.7,58398.003
300227.SZ,20231121,8.47,8.47,8.23,8.28,8.48,-0.2,-2.3585,95828.0,79987.183
300227.SZ,20231120,8.36,8.56,8.35,8.48,8.34,0.14,1.6787,125259.25,105951.091
300227.SZ,20231117,8.21,8.35,8.2,8.34,8.24,0.1,1.2136,82926.5,68923.891
300227.SZ,20231116,8.23,8.31,8.2,8.24,8.27,-0.03,-0.3628,70502.1,58273.41
300227.SZ,20231115,8.37,8.41,8.26,8.27,8.31,-0.04,-0.4813,73943.05,61502.596
300227.SZ,20231114,8.28,8.36,8.23,8.31,8.27,0.04,0.4837,80004.7,66391.74
300227.SZ,20231113,8.18,8.28,8.13,8.27,8.18,0.09,1.1002,82134.32,67612.117
300227.SZ,20231110,8.12,8.23,8.09,8.18,8.15,0.03,0.3681,61334.4,50113.053
300227.SZ,20231109,8.28,8.32,8.12,8.15,8.29,-0.14,-1.6888,98650.62,80908.71
300227.SZ,20231108,8.36,8.36,8.18,8.29,8.38,-0.09,-1.074,138821.2,114793.824
300227.SZ,20231107,8.2,8.39,8.2,8.38,8.26,0.12,1.4528,174891.46,145388.69
300227.SZ,20231106,8.09,8.28,8.03,8.26,8.1,0.16,1.9753,161051.6,131478.673
300227.SZ,20231103,7.9,8.12,7.86,8.1,7.87,0.23,2.9225,145835.23,117694.706
300227.SZ,20231102,7.98,8.11,7.83,7.87,8.01,-0.14,-1.7478,88638.1,70202.972
300227.SZ,20231101,7.94,8.06,7.88,8.01,7.94,0.07,0.8816,95275.3,76230.179
300227.SZ,20231031,7.96,8.05,7.9,7.94,7.98,-0.04,-0.5013,125192.54,99791.987
300227.SZ,20231030,7.78,8.0,7.78,7.98,7.84,0.14,1.7857,162214.81,128542.981
300227.SZ,20231027,7.59,8.15,7.59,7.84,7.55,0.29,3.8411,222531.2,176014.024
300227.SZ,20231026,7.41,7.57,7.29,7.55,7.46,0.09,1.2064,66850.89,49696.646
300227.SZ,20231025,7.38,7.5,7.34,7.46,7.33,0.13,1.7735,54764.4,40735.2
300227.SZ,20231024,7.2,7.42,7.19,7.33,7.18,0.15,2.0891,66188.0,48338.967
300227.SZ,20231023,7.4,7.41,7.13,7.18,7.44,-0.26,-3.4946,78346.71,56798.696
300227.SZ,20231020,7.6,7.72,7.41,7.44,7.68,-0.24,-3.125,80300.81,60535.521
300227.SZ,20231019,7.68,7.82,7.62,7.68,7.68,0.0,0.0,64593.8,49983.852
300227.SZ,20231018,7.82,7.83,7.67,7.68,7.86,-0.18,-2.2901,71238.0,54901.5
300227.SZ,20231017,7.95,8.0,7.78,7.86,7.95,-0.09,-1.1321,103110.9,80917.223
300227.SZ,20231016,8.16,8.22,7.89,7.95,8.0,-0.05,-0.625,161425.0,129689.49
300227.SZ,20231013,7.89,8.08,7.82,8.0,7.9,0.1,1.2658,130226.0,103999.435
300227.SZ,20231012,7.93,7.95,7.84,7.9,7.93,-0.03,-0.3783,80108.0,63140.67
300227.SZ,20231011,7.9,7.98,7.8,7.93,7.92,0.01,0.1263,117136.0,92568.731
300227.SZ,20231010,7.8,7.98,7.76,7.92,7.79,0.13,1.6688,128205.0,100925.519
300227.SZ,20231009,7.77,7.83,7.71,7.79,7.76,0.03,0.3866,97942.0,76111.476
300227.SZ,20230928,7.56,7.77,7.56,7.76,7.57,0.19,2.5099,93230.0,71828.841
300227.SZ,20230927,7.6,7.66,7.53,7.57,7.6,-0.03,-0.3947,61077.0,46425.922
300227.SZ,20230926,7.6,7.68,7.53,7.6,7.65,-0.05,-0.6536,56204.7,42706.36
300227.SZ,20230925,7.55,7.66,7.55,7.65,7.58,0.07,0.9235,77619.7,59117.167
300227.SZ,20230922,7.42,7.61,7.35,7.58,7.42,0.16,2.1563,76253.6,57247.519
300227.SZ,20230921,7.41,7.48,7.36,7.42,7.4,0.02,0.2703,46257.4,34347.402
300227.SZ,20230920,7.4,7.46,7.35,7.4,7.42,-0.02,-0.2695,54206.0,40124.825
300227.SZ,20230919,7.56,7.56,7.38,7.42,7.58,-0.16,-2.1108,93400.27,69520.741
300227.SZ,20230918,7.64,7.67,7.53,7.58,7.64,-0.06,-0.7853,68099.0,51786.286
300227.SZ,20230915,7.79,7.79,7.62,7.64,7.8,-0.16,-2.0513,87925.0,67349.076
300227.SZ,20230914,7.76,7.8,7.61,7.8,7.76,0.04,0.5155,125975.85,96853.207
300227.SZ,20230913,7.94,7.94,7.72,7.76,8.16,-0.4,-4.902,192423.5,150588.003
300227.SZ,20230912,7.88,8.3,7.76,8.16,7.93,0.23,2.9004,267645.5,214890.169
300227.SZ,20230911,8.05,8.05,7.81,7.93,8.05,-0.12,-1.4907,191038.5,150951.912
300227.SZ,20230908,7.83,8.13,7.81,8.05,7.8,0.25,3.2051,272347.5,218565.689
300227.SZ,20230907,7.93,7.96,7.8,7.8,8.09,-0.29,-3.5847,212271.14,167169.487
300227.SZ,20230906,7.7,8.14,7.69,8.09,7.85,0.24,3.0573,393128.44,312936.517
300227.SZ,20230905,7.37,7.9,7.35,7.85,7.41,0.44,5.9379,311668.14,239541.898
300227.SZ,20230904,7.43,7.43,7.26,7.41,7.38,0.03,0.4065,121201.0,88885.866
300227.SZ,20230901,7.49,7.64,7.37,7.38,7.65,-0.27,-3.5294,195948.6,146614.016
300227.SZ,20230831,7.47,8.15,7.47,7.65,7.31,0.34,4.6512,337700.47,262366.773
300227.SZ,20230830,7.23,7.38,7.19,7.31,7.22,0.09,1.2465,77534.7,56693.564
300227.SZ,20230829,6.96,7.24,6.95,7.22,7.0,0.22,3.1429,56112.9,40175.363
300227.SZ,20230828,7.19,7.27,6.99,7.0,6.88,0.12,1.7442,71262.4,50907.297
300227.SZ,20230825,6.92,7.1,6.87,6.88,7.01,-0.13,-1.8545,46880.0,32586.288
300227.SZ,20230824,7.11,7.15,6.96,7.01,7.11,-0.1,-1.4065,46765.18,32935.928
300227.SZ,20230823,7.18,7.24,7.11,7.11,7.24,-0.13,-1.7956,27529.6,19658.806
300227.SZ,20230822,7.15,7.24,7.08,7.24,7.14,0.1,1.4006,42299.0,30347.628
300227.SZ,20230821,7.2,7.26,7.14,7.14,7.18,-0.04,-0.5571,38433.0,27691.41
300227.SZ,20230818,7.31,7.36,7.15,7.18,7.34,-0.16,-2.1798,41256.38,29990.144
300227.SZ,20230817,7.13,7.36,7.13,7.34,7.17,0.17,2.371,46768.3,34112.685
300227.SZ,20230816,7.23,7.28,7.17,7.17,7.27,-0.1,-1.3755,31837.0,22989.808
300227.SZ,20230815,7.35,7.41,7.26,7.27,7.37,-0.1,-1.3569,27336.0,20003.721
300227.SZ,20230814,7.29,7.38,7.26,7.37,7.36,0.01,0.1359,34038.28,24899.398
300227.SZ,20230811,7.46,7.48,7.35,7.36,7.43,-0.07,-0.9421,40151.4,29750.993
300227.SZ,20230810,7.43,7.46,7.4,7.43,7.42,0.01,0.1348,27216.7,20203.187
300227.SZ,20230809,7.47,7.52,7.41,7.42,7.49,-0.07,-0.9346,37069.7,27629.791
300227.SZ,20230808,7.61,7.61,7.48,7.49,7.58,-0.09,-1.1873,57153.73,42944.702
300227.SZ,20230807,7.67,7.67,7.56,7.58,7.7,-0.12,-1.5584,59473.0,45157.399
300227.SZ,20230804,7.65,7.73,7.64,7.7,7.64,0.06,0.7853,92270.0,70937.765
300227.SZ,20230803,7.55,7.71,7.48,7.64,7.57,0.07,0.9247,95429.0,72535.597
300227.SZ,20230802,7.59,7.59,7.52,7.57,7.6,-0.03,-0.3947,50963.9,38489.35
300227.SZ,20230801,7.64,7.64,7.54,7.6,7.63,-0.03,-0.3932,53763.0,40779.088
300227.SZ,20230731,7.55,7.64,7.51,7.63,7.56,0.07,0.9259,66615.9,50662.298
300227.SZ,20230728,7.53,7.59,7.41,7.56,7.63,-0.07,-0.9174,119899.91,89817.58
300227.SZ,20230727,7.49,7.83,7.48,7.63,7.5,0.13,1.7333,171088.87,131624.084
300227.SZ,20230726,7.64,7.64,7.43,7.5,7.67,-0.17,-2.2164,122017.91,91565.137
300227.SZ,20230725,7.61,7.7,7.56,7.67,7.55,0.12,1.5894,86173.85,65802.619
300227.SZ,20230724,7.6,7.66,7.5,7.55,7.6,-0.05,-0.6579,82395.31,62369.57
300227.SZ,20230721,7.81,7.89,7.57,7.6,7.84,-0.24,-3.0612,162066.8,124871.998
300227.SZ,20230720,8.15,8.19,7.83,7.84,8.14,-0.3,-3.6855,207213.39,165601.911
300227.SZ,20230719,8.41,8.46,8.12,8.14,8.41,-0.27,-3.2105,241801.15,199102.723
300227.SZ,20230718,8.62,8.71,8.38,8.41,8.75,-0.34,-3.8857,375838.12,319922.634
300227.SZ,20230717,8.48,9.15,8.42,8.75,8.2,0.55,6.7073,580740.13,508891.53
300227.SZ,20230714,7.99,8.25,7.88,8.2,7.98,0.22,2.7569,278537.48,226759.109
300227.SZ,20230713,7.77,7.98,7.71,7.98,7.73,0.25,3.2342,111208.5,87425.723
300227.SZ,20230712,7.9,7.97,7.71,7.73,7.93,-0.2,-2.5221,75964.02,59385.589
300227.SZ,20230711,7.7,7.94,7.7,7.93,7.71,0.22,2.8534,80275.2,63287.58
300227.SZ,20230710,7.81,7.86,7.68,7.71,7.8,-0.09,-1.1538,61271.8,47322.525
300227.SZ,20230707,7.93,7.97,7.75,7.8,7.98,-0.18,-2.2556,73201.0,57286.68
300227.SZ,20230706,7.85,8.06,7.8,7.98,7.86,0.12,1.5267,93132.42,74484.066
300227.SZ,20230705,7.95,8.02,7.86,7.86,7.98,-0.12,-1.5038,66014.8,52418.868
300227.SZ,20230704,7.94,8.04,7.87,7.98,7.91,0.07,0.885,75559.03,60270.467
300227.SZ,20230703,7.99,8.06,7.88,7.91,7.97,-0.06,-0.7528,81044.0,64304.735
300227.SZ,20230630,8.01,8.05,7.94,7.97,8.02,-0.05,-0.6234,90676.1,72364.218
300227.SZ,20230629,7.68,8.09,7.66,8.02,7.68,0.34,4.4271,160234.39,127338.319
300227.SZ,20230628,7.79,7.81,7.4,7.68,7.82,-0.14,-1.7903,124328.0,94071.689
300227.SZ,20230627,7.8,7.85,7.71,7.82,7.77,0.05,0.6435,58834.0,45846.768
300227.SZ,20230626,7.77,8.01,7.74,7.77,7.86,-0.09,-1.145,89516.4,70201.836
300227.SZ,20230621,7.99,8.06,7.85,7.86,8.04,-0.18,-2.2388,95780.0,75887.594
300227.SZ,20230620,8.02,8.11,7.93,8.04,8.06,-0.02,-0.2481,106347.3,85348.692
300227.SZ,20230619,7.97,8.12,7.9,8.06,7.96,0.1,1.2563,141731.69,113468.336
300227.SZ,20230616,7.81,7.98,7.77,7.96,7.89,0.07,0.8872,128812.8,101510.234
300227.SZ,20230615,7.65,8.08,7.65,7.89,7.67,0.22,2.8683,240801.05,191255.591
300227.SZ,20230614,7.75,7.76,7.59,7.67,7.71,-0.04,-0.5188,84107.0,64473.7
300227.SZ,20230613,7.75,7.79,7.63,7.71,7.8,-0.09,-1.1538,94466.0,72691.842
300227.SZ,20230612,7.76,7.85,7.73,7.8,7.88,-0.08,-1.0152,154043.85,119969.593
300227.SZ,20230609,7.35,7.89,7.33,7.88,7.36,0.52,7.0652,254356.14,195878.217
300227.SZ,20230608,7.5,7.53,7.31,7.36,7.52,-0.16,-2.1277,52750.0,39042.385
300227.SZ,20230607,7.43,7.57,7.36,7.52,7.41,0.11,1.4845,45001.0,33722.793
300227.SZ,20230606,7.7,7.7,7.38,7.41,7.69,-0.28,-3.6411,73482.0,55288.921
300227.SZ,20230605,7.63,7.74,7.59,7.69,7.62,0.07,0.9186,56890.44,43665.492
300227.SZ,20230602,7.65,7.76,7.54,7.62,7.62,0.0,0.0,68075.4,52127.636
300227.SZ,20230601,7.55,7.69,7.43,7.62,7.56,0.06,0.7937,66873.0,50703.535
300227.SZ,20230531,7.52,7.58,7.46,7.56,7.53,0.03,0.3984,66088.0,49809.522
300227.SZ,20230530,7.5,7.55,7.38,7.53,7.54,-0.01,-0.1326,108690.08,81211.177
300227.SZ,20230529,7.8,7.94,7.51,7.54,7.52,0.02,0.266,182231.63,140037.409
300227.SZ,20230526,7.48,7.54,7.4,7.52,7.48,0.04,0.5348,59369.4,44394.089
300227.SZ,20230525,7.56,7.57,7.38,7.48,7.52,-0.04,-0.5319,59655.18,44527.189
300227.SZ,20230524,7.5,7.58,7.42,7.52,7.44,0.08,1.0753,60870.48,45815.372
300227.SZ,20230523,7.61,7.63,7.44,7.44,7.56,-0.12,-1.5873,66652.2,50083.38
300227.SZ,20230522,7.46,7.56,7.44,7.56,7.5,0.06,0.8,67375.88,50550.722
300227.SZ,20230519,7.42,7.52,7.39,7.5,7.48,0.02,0.2674,71934.3,53785.885
300227.SZ,20230518,7.3,7.5,7.29,7.48,7.33,0.15,2.0464,97961.48,72542.087
300227.SZ,20230517,7.14,7.34,7.1,7.33,7.13,0.2,2.805,79149.5,57409.847
300227.SZ,20230516,7.2,7.2,7.11,7.13,7.19,-0.06,-0.8345,31562.18,22524.686
300227.SZ,20230515,7.04,7.19,7.04,7.19,7.08,0.11,1.5537,50699.01,36129.225
300227.SZ,20230512,7.18,7.23,7.08,7.08,7.2,-0.12,-1.6667,43859.8,31261.351
300227.SZ,20230511,7.12,7.21,7.08,7.2,7.12,0.08,1.1236,54157.7,38815.391
300227.SZ,20230510,7.07,7.12,7.04,7.12,7.06,0.06,0.8499,49691.7,35210.485
300227.SZ,20230509,7.2,7.25,7.06,7.06,7.21,-0.15,-2.0804,73758.85,52718.323
300227.SZ,20230508,7.11,7.25,7.11,7.21,7.11,0.1,1.4065,68415.04,49201.85
300227.SZ,20230505,7.22,7.23,7.07,7.11,7.19,-0.08,-1.1127,61444.71,43668.213
300227.SZ,20230504,7.15,7.26,7.13,7.19,7.2,-0.01,-0.1389,64117.0,46075.256
300227.SZ,20230428,7.11,7.24,7.09,7.2,7.25,-0.05,-0.6897,95452.9,68675.196
300227.SZ,20230427,7.22,7.31,7.18,7.25,7.26,-0.01,-0.1377,63390.0,45987.998
300227.SZ,20230426,7.28,7.38,7.22,7.26,7.27,-0.01,-0.1376,56620.4,41291.47
300227.SZ,20230425,7.59,7.64,7.17,7.27,7.54,-0.27,-3.5809,90658.4,66519.675
300227.SZ,20230424,7.48,7.59,7.46,7.54,7.52,0.02,0.266,65581.7,49397.856
300227.SZ,20230421,7.94,7.94,7.51,7.52,7.94,-0.42,-5.2897,130081.0,99865.723
300227.SZ,20230420,7.96,7.96,7.79,7.94,7.91,0.03,0.3793,64252.4,50604.268
300227.SZ,20230419,7.86,8.02,7.84,7.91,7.89,0.02,0.2535,72269.0,57326.226
300227.SZ,20230418,7.98,7.98,7.76,7.89,8.0,-0.11,-1.375,91931.0,72144.315
300227.SZ,20230417,8.02,8.08,7.94,8.0,8.02,-0.02,-0.2494,64128.0,51310.162
300227.SZ,20230414,8.01,8.08,7.88,8.02,8.01,0.01,0.1248,86387.0,69000.735
300227.SZ,20230413,8.25,8.3,7.99,8.01,8.3,-0.29,-3.494,149907.6,121096.824
300227.SZ,20230412,8.11,8.31,8.1,8.3,8.11,0.19,2.3428,90950.1,74892.532
300227.SZ,20230411,8.19,8.23,8.01,8.11,8.2,-0.09,-1.0976,93617.9,75851.191
300227.SZ,20230410,8.3,8.49,8.17,8.2,8.29,-0.09,-1.0856,140940.4,117289.733
300227.SZ,20230407,8.21,8.32,8.19,8.29,8.23,0.06,0.729,94010.21,77667.38
300227.SZ,20230406,8.3,8.3,8.1,8.23,8.25,-0.02,-0.2424,113990.21,93477.516
300227.SZ,20230404,8.59,8.64,8.2,8.25,8.67,-0.42,-4.8443,241257.9,201856.31
300227.SZ,20230403,8.52,8.67,8.47,8.67,8.5,0.17,2.0,146571.9,125770.593
300227.SZ,20230331,8.3,8.51,8.26,8.5,8.32,0.18,2.1635,102146.4,85949.385
300227.SZ,20230330,8.39,8.44,8.25,8.32,8.39,-0.07,-0.8343,87616.0,73027.942
300227.SZ,20230329,8.49,8.5,8.37,8.39,8.43,-0.04,-0.4745,96655.0,81490.985
300227.SZ,20230328,8.62,8.63,8.4,8.43,8.67,-0.24,-2.7682,145601.04,123716.661
300227.SZ,20230327,8.55,8.71,8.5,8.67,8.54,0.13,1.5222,188995.31,163032.753
300227.SZ,20230324,8.46,8.66,8.45,8.54,8.46,0.08,0.9456,195187.0,166776.883
300227.SZ,20230323,8.34,8.47,8.28,8.46,8.36,0.1,1.1962,122991.13,103032.184
300227.SZ,20230322,8.28,8.39,8.22,8.36,8.28,0.08,0.9662,121926.54,101427.799
300227.SZ,20230321,8.01,8.29,7.99,8.28,8.0,0.28,3.5,127879.56,104633.368
300227.SZ,20230320,8.06,8.09,7.9,8.0,8.07,-0.07,-0.8674,90067.9,71957.64
300227.SZ,20230317,7.96,8.12,7.93,8.07,7.88,0.19,2.4112,117146.8,94230.09
300227.SZ,20230316,8.15,8.19,7.85,7.88,8.19,-0.31,-3.7851,144058.9,115061.263
300227.SZ,20230315,8.26,8.33,8.18,8.19,8.26,-0.07,-0.8475,115897.31,95675.831
300227.SZ,20230314,8.38,8.38,8.02,8.26,8.41,-0.15,-1.7836,225063.85,184436.103
300227.SZ,20230313,8.49,8.52,8.23,8.41,8.59,-0.18,-2.0955,264158.44,220832.318
300227.SZ,20230310,8.51,8.84,8.48,8.59,8.62,-0.03,-0.348,456230.2,396838.757
300227.SZ,20230309,8.43,8.68,8.27,8.62,8.35,0.27,3.2335,410893.28,351528.687
300227.SZ,20230308,8.16,8.36,8.11,8.35,8.16,0.19,2.3284,119636.5,98856.817
300227.SZ,20230307,8.42,8.42,8.16,8.16,8.44,-0.28,-3.3175,143418.9,118512.774
300227.SZ,20230306,8.49,8.49,8.33,8.44,8.45,-0.01,-0.1183,124102.71,104237.602
300227.SZ,20230303,8.35,8.45,8.33,8.45,8.33,0.12,1.4406,126382.3,106132.011
300227.SZ,20230302,8.39,8.47,8.32,8.33,8.4,-0.07,-0.8333,95575.6,80074.598
300227.SZ,20230301,8.32,8.41,8.3,8.4,8.36,0.04,0.4785,99774.95,83531.377
300227.SZ,20230228,8.28,8.4,8.22,8.36,8.25,0.11,1.3333,114136.68,94899.327
300227.SZ,20230227,8.38,8.4,8.23,8.25,8.44,-0.19,-2.2512,115679.0,96128.589
300227.SZ,20230224,8.41,8.47,8.37,8.44,8.4,0.04,0.4762,81628.5,68746.456
300227.SZ,20230223,8.56,8.57,8.37,8.4,8.54,-0.14,-1.6393,132933.0,112238.266
300227.SZ,20230222,8.45,8.62,8.41,8.54,8.52,0.02,0.2347,93599.0,79819.621
300227.SZ,20230221,8.48,8.62,8.45,8.52,8.5,0.02,0.2353,126790.48,108250.391
300227.SZ,20230220,8.38,8.53,8.32,8.5,8.37,0.13,1.5532,142283.99,120184.694
300227.SZ,20230217,8.5,8.56,8.36,8.37,8.49,-0.12,-1.4134,188631.97,159199.828
300227.SZ,20230216,8.75,8.79,8.39,8.49,8.8,-0.31,-3.5227,363244.87,313267.112
300227.SZ,20230215,8.77,8.88,8.69,8.8,8.81,-0.01,-0.1135,251359.77,220728.871
300227.SZ,20230214,8.9,8.93,8.77,8.81,8.96,-0.15,-1.6741,234481.58,207246.04
300227.SZ,20230213,9.0,9.05,8.84,8.96,9.08,-0.12,-1.3216,315106.96,281853.407
300227.SZ,20230210,8.78,9.22,8.77,9.08,8.83,0.25,2.8313,514134.82,465128.132
300227.SZ,20230209,8.6,8.96,8.56,8.83,8.66,0.17,1.963,360253.17,318369.625
300227.SZ,20230208,8.81,8.97,8.64,8.66,8.86,-0.2,-2.2573,344787.42,302421.207
300227.SZ,20230207,8.86,8.89,8.74,8.86,8.8,0.06,0.6818,367352.16,324133.134
300227.SZ,20230206,9.1,9.17,8.75,8.8,9.31,-0.51,-5.478,580486.25,516454.043
300227.SZ,20230203,9.63,9.84,9.15,9.31,9.54,-0.23,-2.4109,748963.84,707862.216
300227.SZ,20230202,10.4,11.15,9.5,9.54,10.08,-0.54,-5.3571,934152.6,947257.109
300227.SZ,20230201,9.85,10.45,9.68,10.08,9.99,0.09,0.9009,755906.13,762789.035
300227.SZ,20230131,9.75,10.22,9.53,9.99,10.22,-0.23,-2.2505,617759.34,606781.122
300227.SZ,20230130,9.34,10.35,9.03,10.22,8.85,1.37,15.4802,811774.88,781590.614
300227.SZ,20230120,8.96,9.26,8.77,8.85,8.79,0.06,0.6826,444788.74,397911.57
300227.SZ,20230119,8.6,9.07,8.47,8.79,8.86,-0.07,-0.7901,560589.44,492994.525
300227.SZ,20230118,8.15,8.88,8.15,8.86,8.13,0.73,8.9791,599124.64,510404.553
300227.SZ,20230117,7.48,8.36,7.46,8.13,7.53,0.6,7.9681,471962.86,374083.714
300227.SZ,20230116,7.52,7.75,7.34,7.53,7.49,0.04,0.534,299007.04,225642.343
300227.SZ,20230113,7.35,7.8,7.22,7.49,7.16,0.33,4.6089,385938.65,292159.877
300227.SZ,20230112,7.05,7.33,6.99,7.16,6.7,0.46,6.8657,279818.39,200462.456
300227.SZ,20230111,6.83,6.83,6.68,6.7,6.82,-0.12,-1.7595,32360.0,21884.465
300227.SZ,20230110,6.81,6.83,6.76,6.82,6.78,0.04,0.59,32396.0,22052.063
300227.SZ,20230109,6.76,6.83,6.76,6.78,6.74,0.04,0.5935,34756.9,23634.718
300227.SZ,20230106,6.76,6.82,6.72,6.74,6.77,-0.03,-0.4431,29988.0,20284.383
300227.SZ,20230105,6.8,6.84,6.74,6.77,6.79,-0.02,-0.2946,38117.04,25809.844
300227.SZ,20230104,6.78,6.85,6.74,6.79,6.79,0.0,0.0,37884.4,25769.016
300227.SZ,20230103,6.68,6.82,6.65,6.79,6.64,0.15,2.259,60507.9,40805.475
300227.SZ,20221230,6.65,6.74,6.62,6.64,6.63,0.01,0.1508,46523.4,31021.6
300227.SZ,20221229,6.44,6.72,6.42,6.63,6.47,0.16,2.473,71988.41,47803.885
300227.SZ,20221228,6.51,6.52,6.43,6.47,6.54,-0.07,-1.0703,27066.0,17515.264
300227.SZ,20221227,6.51,6.56,6.46,6.54,6.5,0.04,0.6154,27240.94,17718.694
300227.SZ,20221226,6.41,6.52,6.36,6.5,6.37,0.13,2.0408,28905.2,18713.662
300227.SZ,20221223,6.34,6.46,6.32,6.37,6.37,0.0,0.0,32864.61,20946.983
300227.SZ,20221222,6.5,6.53,6.36,6.37,6.49,-0.12,-1.849,36360.98,23408.975
300227.SZ,20221221,6.52,6.57,6.44,6.49,6.57,-0.08,-1.2177,35560.0,23125.447
300227.SZ,20221220,6.55,6.64,6.49,6.57,6.58,-0.01,-0.152,46318.89,30390.232
300227.SZ,20221219,6.68,6.73,6.5,6.58,6.72,-0.14,-2.0833,52873.58,34791.517
300227.SZ,20221216,6.83,6.86,6.7,6.72,6.88,-0.16,-2.3256,47844.1,32322.031
300227.SZ,20221215,6.8,6.94,6.77,6.88,6.77,0.11,1.6248,50692.4,34873.074
300227.SZ,20221214,6.83,6.9,6.74,6.77,6.81,-0.04,-0.5874,46888.66,32033.122
300227.SZ,20221213,6.88,6.91,6.78,6.81,6.88,-0.07,-1.0174,35580.22,24307.04
300227.SZ,20221212,6.78,6.93,6.78,6.88,6.8,0.08,1.1765,42010.27,28837.549
300227.SZ,20221209,6.9,6.9,6.74,6.8,6.82,-0.02,-0.2933,37281.9,25412.618
300227.SZ,20221208,6.9,6.91,6.82,6.82,6.9,-0.08,-1.1594,32862.8,22542.653
300227.SZ,20221207,6.95,6.95,6.88,6.9,6.97,-0.07,-1.0043,38648.88,26712.203
300227.SZ,20221206,6.92,7.01,6.89,6.97,6.93,0.04,0.5772,49990.0,34806.685
300227.SZ,20221205,6.9,6.94,6.85,6.93,6.89,0.04,0.5806,49452.31,34129.598
300227.SZ,20221202,6.81,6.92,6.79,6.89,6.83,0.06,0.8785,36683.82,25220.488
300227.SZ,20221201,6.82,6.9,6.78,6.83,6.77,0.06,0.8863,55939.76,38269.224
300227.SZ,20221130,6.83,6.83,6.73,6.77,6.79,-0.02,-0.2946,35325.15,23959.277
300227.SZ,20221129,6.67,6.81,6.66,6.79,6.68,0.11,1.6467,43733.98,29568.763
300227.SZ,20221128,6.78,6.82,6.65,6.68,6.82,-0.14,-2.0528,46897.7,31480.532
300227.SZ,20221125,6.94,6.97,6.81,6.82,6.96,-0.14,-2.0115,41054.6,28237.398
300227.SZ,20221124,7.04,7.11,6.93,6.96,7.05,-0.09,-1.2766,48938.0,34240.318
300227.SZ,20221123,7.15,7.17,6.92,7.05,7.15,-0.1,-1.3986,54524.99,38329.651
300227.SZ,20221122,7.25,7.28,7.13,7.15,7.24,-0.09,-1.2431,50967.8,36747.632
300227.SZ,20221121,7.29,7.32,7.11,7.24,7.31,-0.07,-0.9576,48742.0,35159.466
300227.SZ,20221118,7.31,7.42,7.29,7.31,7.34,-0.03,-0.4087,59375.76,43686.2
300227.SZ,20221117,7.33,7.35,7.23,7.34,7.33,0.01,0.1364,51527.9,37520.148
300227.SZ,20221116,7.29,7.39,7.23,7.33,7.27,0.06,0.8253,62899.42,46013.238
300227.SZ,20221115,7.1,7.27,7.08,7.27,7.11,0.16,2.2504,62227.8,44834.367
300227.SZ,20221114,7.12,7.19,7.06,7.11,7.13,-0.02,-0.2805,58486.51,41654.013
300227.SZ,20221111,7.26,7.3,7.13,7.13,7.14,-0.01,-0.1401,65726.0,47351.756
300227.SZ,20221110,7.16,7.28,7.11,7.14,7.2,-0.06,-0.8333,50455.0,36208.302
300227.SZ,20221109,7.24,7.29,7.16,7.2,7.22,-0.02,-0.277,43332.0,31310.939
300227.SZ,20221108,7.3,7.31,7.15,7.22,7.28,-0.06,-0.8242,49787.6,35930.192
300227.SZ,20221107,7.26,7.33,7.22,7.28,7.31,-0.03,-0.4104,50700.0,36846.943
300227.SZ,20221104,7.21,7.32,7.2,7.31,7.25,0.06,0.8276,57421.24,41735.307
300227.SZ,20221103,7.18,7.26,7.11,7.25,7.22,0.03,0.4155,55991.22,40148.437
300227.SZ,20221102,7.19,7.3,7.15,7.22,7.22,0.0,0.0,57172.16,41306.433
300227.SZ,20221101,7.05,7.22,6.98,7.22,7.04,0.18,2.5568,83592.6,59441.615
300227.SZ,20221031,6.81,7.09,6.79,7.04,6.85,0.19,2.7737,64664.16,45160.128
300227.SZ,20221028,7.18,7.19,6.82,6.85,7.16,-0.31,-4.3296,92343.1,64397.695
300227.SZ,20221027,7.25,7.37,7.14,7.16,7.35,-0.19,-2.585,65205.3,47182.135
300227.SZ,20221026,7.06,7.4,7.0,7.35,7.04,0.31,4.4034,91190.7,66123.81
300227.SZ,20221025,7.05,7.11,6.94,7.04,7.04,0.0,0.0,59656.6,41985.843
300227.SZ,20221024,7.14,7.19,6.98,7.04,7.0,0.04,0.5714,68316.03,48564.2
300227.SZ,20221021,7.02,7.07,6.93,7.0,7.02,-0.02,-0.2849,36650.5,25642.372
300227.SZ,20221020,6.96,7.08,6.9,7.02,7.02,0.0,0.0,54833.0,38318.942
300227.SZ,20221019,7.09,7.17,7.0,7.02,7.13,-0.11,-1.5428,56641.9,40109.575
300227.SZ,20221018,7.0,7.22,6.97,7.13,6.99,0.14,2.0029,80008.51,56991.105
300227.SZ,20221017,6.71,7.03,6.7,6.99,6.76,0.23,3.4024,61284.32,42573.827
300227.SZ,20221014,6.69,6.8,6.69,6.76,6.64,0.12,1.8072,45656.66,30804.684
300227.SZ,20221013,6.55,6.73,6.51,6.64,6.58,0.06,0.9119,43945.84,29174.935
300227.SZ,20221012,6.37,6.59,6.29,6.58,6.34,0.24,3.7855,47005.0,30262.312
300227.SZ,20221011,6.33,6.41,6.23,6.34,6.39,-0.05,-0.7825,46703.7,29484.842
300227.SZ,20221010,6.47,6.5,6.31,6.39,6.42,-0.03,-0.4673,52192.1,33323.866
300227.SZ,20220930,6.52,6.59,6.42,6.42,6.51,-0.09,-1.3825,31228.31,20216.075
300227.SZ,20220929,6.54,6.68,6.47,6.51,6.5,0.01,0.1538,34130.89,22470.55
300227.SZ,20220928,6.76,6.8,6.5,6.5,6.77,-0.27,-3.9882,42454.94,28108.134
300227.SZ,20220927,6.65,6.78,6.59,6.77,6.64,0.13,1.9578,52185.34,34986.356
300227.SZ,20220926,6.7,6.78,6.58,6.64,6.75,-0.11,-1.6296,56372.54,37736.904
300227.SZ,20220923,7.02,7.02,6.73,6.75,7.0,-0.25,-3.5714,50352.42,34424.322
300227.SZ,20220922,6.98,7.11,6.92,7.0,7.04,-0.04,-0.5682,45058.98,31700.233
300227.SZ,20220921,6.88,7.07,6.77,7.04,6.92,0.12,1.7341,42052.9,29209.97
300227.SZ,20220920,6.85,6.99,6.85,6.92,6.87,0.05,0.7278,38543.2,26696.72
300227.SZ,20220919,6.9,7.02,6.71,6.87,6.97,-0.1,-1.4347,44749.0,30682.084
300227.SZ,20220916,7.01,7.14,6.97,6.97,7.04,-0.07,-0.9943,46403.49,32704.66
300227.SZ,20220915,7.43,7.44,6.99,7.04,7.41,-0.37,-4.9933,81041.4,57940.251
300227.SZ,20220914,7.34,7.47,7.3,7.41,7.46,-0.05,-0.6702,44158.0,32595.604
300227.SZ,20220913,7.37,7.55,7.35,7.46,7.34,0.12,1.6349,53206.3,39710.461
300227.SZ,20220909,7.48,7.48,7.26,7.34,7.46,-0.12,-1.6086,51436.56,37691.858
300227.SZ,20220908,7.62,7.65,7.41,7.46,7.64,-0.18,-2.356,44531.0,33427.707
300227.SZ,20220907,7.53,7.67,7.46,7.64,7.53,0.11,1.4608,74112.0,56309.361
300227.SZ,20220906,7.34,7.55,7.3,7.53,7.32,0.21,2.8689,67588.0,50235.218
300227.SZ,20220905,7.45,7.51,7.3,7.32,7.45,-0.13,-1.745,48505.0,35828.912
300227.SZ,20220902,7.22,7.51,7.18,7.45,7.2,0.25,3.4722,79920.11,59066.731
300227.SZ,20220901,7.38,7.42,7.19,7.2,7.34,-0.14,-1.9074,57452.0,41843.506
300227.SZ,20220831,7.66,7.68,7.29,7.34,7.67,-0.33,-4.3025,89138.71,66024.408
300227.SZ,20220830,7.83,7.84,7.58,7.67,7.81,-0.14,-1.7926,70619.99,54310.245
300227.SZ,20220829,7.61,7.85,7.5,7.81,7.67,0.14,1.8253,67478.81,52164.391
300227.SZ,20220826,7.9,8.03,7.64,7.67,7.89,-0.22,-2.7883,86817.6,67498.747
300227.SZ,20220825,7.77,8.02,7.73,7.89,7.66,0.23,3.0026,136473.86,107525.047
300227.SZ,20220824,8.04,8.06,7.62,7.66,8.07,-0.41,-5.0805,127288.63,99259.985
300227.SZ,20220823,8.04,8.11,8.01,8.07,8.07,0.0,0.0,50565.71,40699.673
300227.SZ,20220822,8.13,8.19,7.99,8.07,8.13,-0.06,-0.738,77962.51,62732.874
300227.SZ,20220819,8.41,8.45,8.11,8.13,8.41,-0.28,-3.3294,106456.55,87848.873
300227.SZ,20220818,8.25,8.44,8.13,8.41,8.23,0.18,2.1871,128245.75,106922.583
300227.SZ,20220817,8.07,8.31,8.01,8.23,8.03,0.2,2.4907,112081.05,91976.243
300227.SZ,20220816,8.12,8.14,8.02,8.03,8.07,-0.04,-0.4957,63593.3,51276.319
300227.SZ,20220815,8.06,8.12,7.93,8.07,8.09,-0.02,-0.2472,77709.15,62453.469
300227.SZ,20220812,8.24,8.37,8.08,8.09,8.2,-0.11,-1.3415,107003.51,87876.509
300227.SZ,20220811,8.17,8.27,8.14,8.2,8.17,0.03,0.3672,87101.27,71338.229
300227.SZ,20220810,8.1,8.27,8.05,8.17,8.09,0.08,0.9889,110664.12,90546.174
300227.SZ,20220809,8.07,8.11,8.0,8.09,8.07,0.02,0.2478,92224.66,74238.727
300227.SZ,20220808,7.94,8.08,7.86,8.07,8.01,0.06,0.7491,100117.0,80015.215
300227.SZ,20220805,7.85,8.04,7.82,8.01,7.85,0.16,2.0382,116227.01,92179.569
300227.SZ,20220804,7.93,8.03,7.73,7.85,7.9,-0.05,-0.6329,98878.8,77380.393
300227.SZ,20220803,7.92,8.19,7.81,7.9,7.86,0.04,0.5089,178515.4,143509.971
300227.SZ,20220802,8.0,8.1,7.77,7.86,8.1,-0.24,-2.963,152528.78,120499.172
300227.SZ,20220801,7.94,8.13,7.8,8.1,7.96,0.14,1.7588,133610.69,106641.929
300227.SZ,20220729,7.91,8.13,7.78,7.96,7.9,0.06,0.7595,153678.25,121922.727
300227.SZ,20220728,7.61,7.94,7.56,7.9,7.57,0.33,4.3593,142560.65,111278.413
300227.SZ,20220727,7.33,7.58,7.33,7.57,7.39,0.18,2.4357,63575.62,47835.36
300227.SZ,20220726,7.35,7.4,7.25,7.39,7.33,0.06,0.8186,42122.6,30913.066
300227.SZ,20220725,7.46,7.54,7.31,7.33,7.48,-0.15,-2.0053,56346.24,41696.464
300227.SZ,20220722,7.56,7.65,7.38,7.48,7.53,-0.05,-0.664,62048.24,46496.862
300227.SZ,20220721,7.57,7.67,7.52,7.53,7.58,-0.05,-0.6596,82200.19,62356.34
300227.SZ,20220720,7.47,7.6,7.38,7.58,7.45,0.13,1.745,85397.77,64188.927
300227.SZ,20220719,7.33,7.48,7.3,7.45,7.34,0.11,1.4986,74273.76,55067.597
300227.SZ,20220718,7.13,7.36,7.08,7.34,7.07,0.27,3.819,79920.86,58189.729
300227.SZ,20220715,7.18,7.28,7.06,7.07,7.21,-0.14,-1.9417,55563.0,39858.001
300227.SZ,20220714,7.02,7.26,7.01,7.21,7.08,0.13,1.8362,62005.92,44602.774
300227.SZ,20220713,7.01,7.1,7.0,7.08,7.01,0.07,0.9986,43794.58,30881.221
300227.SZ,20220712,7.3,7.31,7.0,7.01,7.27,-0.26,-3.5763,75103.17,53273.01
300227.SZ,20220711,7.4,7.41,7.21,7.27,7.42,-0.15,-2.0216,80151.0,58423.101
300227.SZ,20220708,7.3,7.55,7.27,7.42,7.31,0.11,1.5048,128664.95,95896.441
300227.SZ,20220707,7.4,7.54,7.29,7.31,7.12,0.19,2.6685,175311.52,129689.957
300227.SZ,20220706,7.12,7.19,7.04,7.12,7.12,0.0,0.0,57754.0,41158.363
300227.SZ,20220705,7.27,7.31,7.03,7.12,7.12,0.0,0.0,76934.55,55127.36
300227.SZ,20220704,7.21,7.22,7.05,7.12,7.22,-0.1,-1.385,68100.0,48369.064
300227.SZ,20220701,7.3,7.38,7.16,7.22,7.34,-0.12,-1.6349,76372.0,55428.241
300227.SZ,20220630,7.18,7.45,7.16,7.34,7.16,0.18,2.514,114952.94,84220.427
300227.SZ,20220629,7.37,7.39,7.1,7.16,7.4,-0.24,-3.2432,87913.15,63828.205
300227.SZ,20220628,7.15,7.4,7.07,7.4,7.14,0.26,3.6415,101045.61,73657.88
300227.SZ,20220627,7.26,7.27,7.07,7.14,7.14,0.0,0.0,91368.38,65255.052
300227.SZ,20220624,7.07,7.15,7.01,7.14,7.04,0.1,1.4205,80233.5,56772.562
300227.SZ,20220623,6.78,7.05,6.78,7.04,6.81,0.23,3.3774,82902.97,57641.431
300227.SZ,20220622,7.01,7.05,6.8,6.81,6.98,-0.17,-2.4355,67136.31,46251.368
300227.SZ,20220621,6.89,7.13,6.78,6.98,6.91,0.07,1.013,95879.25,67138.475
300227.SZ,20220620,6.88,6.94,6.81,6.91,6.86,0.05,0.7289,60131.6,41458.015
300227.SZ,20220617,6.76,6.9,6.67,6.86,6.82,0.04,0.5865,51015.5,34729.783
300227.SZ,20220616,6.73,6.87,6.73,6.82,6.69,0.13,1.9432,52507.78,35799.695
300227.SZ,20220615,6.71,6.83,6.69,6.69,6.71,-0.02,-0.2981,46670.8,31577.607
300227.SZ,20220614,6.76,6.76,6.52,6.71,6.79,-0.08,-1.1782,58681.2,38950.389
300227.SZ,20220613,6.78,6.85,6.73,6.79,6.82,-0.03,-0.4399,40661.33,27606.909
300227.SZ,20220610,6.56,6.9,6.52,6.82,6.6,0.22,3.3333,70619.11,47886.819
300227.SZ,20220609,6.78,6.78,6.56,6.6,6.79,-0.19,-2.7982,55161.48,36580.222
300227.SZ,20220608,6.9,6.96,6.69,6.79,6.83,-0.04,-0.5857,59203.2,40377.221
300227.SZ,20220607,6.93,6.93,6.72,6.83,6.91,-0.08,-1.1577,46035.6,31304.914
300227.SZ,20220606,6.76,6.92,6.75,6.91,6.79,0.12,1.7673,55623.96,38205.275
300227.SZ,20220602,6.72,6.8,6.63,6.79,6.72,0.07,1.0417,56989.6,38372.608
300227.SZ,20220601,6.7,6.76,6.63,6.72,6.7,0.02,0.2985,47938.0,32180.401
300227.SZ,20220531,6.59,6.73,6.46,6.7,6.63,0.07,1.0558,65095.8,43062.862
300227.SZ,20220530,6.74,6.77,6.54,6.63,6.7,-0.07,-1.0448,80430.62,53239.2
300227.SZ,20220527,6.5,6.7,6.48,6.7,6.54,0.16,2.4465,63997.04,42108.528
300227.SZ,20220526,6.44,6.62,6.34,6.54,6.53,0.01,0.1531,59593.0,38746.239
300227.SZ,20220525,6.28,6.57,6.26,6.53,6.28,0.25,3.9809,50859.4,32730.963
300227.SZ,20220524,6.6,6.64,6.28,6.28,6.6,-0.32,-4.8485,52306.82,33804.52
300227.SZ,20220523,6.42,6.61,6.42,6.6,6.48,0.12,1.8519,36498.1,23896.251
300227.SZ,20220520,6.45,6.5,6.38,6.48,6.4,0.08,1.25,42730.5,27528.107
300227.SZ,20220519,6.36,6.41,6.3,6.4,6.41,-0.01,-0.156,30215.0,19219.048
300227.SZ,20220518,6.37,6.45,6.34,6.41,6.35,0.06,0.9449,36481.0,23386.39
300227.SZ,20220517,6.32,6.36,6.19,6.35,6.33,0.02,0.316,35817.03,22490.277
300227.SZ,20220516,6.37,6.41,6.31,6.33,6.34,-0.01,-0.1577,34437.1,21906.391
300227.SZ,20220513,6.43,6.43,6.28,6.34,6.39,-0.05,-0.7825,29601.54,18768.803
300227.SZ,20220512,6.26,6.44,6.25,6.39,6.26,0.13,2.0767,52222.8,33140.972
300227.SZ,20220511,6.26,6.47,6.25,6.26,6.22,0.04,0.6431,68386.0,43518.046
300227.SZ,20220510,6.09,6.23,6.09,6.22,6.17,0.05,0.8104,38467.0,23812.805
300227.SZ,20220509,5.98,6.18,5.98,6.17,6.05,0.12,1.9835,38937.8,23889.71
300227.SZ,20220506,5.94,6.1,5.91,6.05,6.07,-0.02,-0.3295,43061.3,25842.382
300227.SZ,20220505,5.99,6.16,5.97,6.07,6.02,0.05,0.8306,42088.04,25595.737
300227.SZ,20220429,5.74,6.07,5.74,6.02,5.67,0.35,6.1728,57102.1,33898.889
300227.SZ,20220428,5.81,5.81,5.58,5.67,5.82,-0.15,-2.5773,38436.0,21897.172
300227.SZ,20220427,5.58,5.83,5.55,5.82,5.62,0.2,3.5587,44926.45,25608.319
300227.SZ,20220426,5.82,5.98,5.59,5.62,5.78,-0.16,-2.7682,41526.49,23951.828
300227.SZ,20220425,6.28,6.29,5.77,5.78,6.41,-0.63,-9.8284,64452.2,38852.662
300227.SZ,20220422,6.59,6.59,6.4,6.41,6.57,-0.16,-2.4353,26860.35,17344.462
300227.SZ,20220421,6.83,6.88,6.56,6.57,6.88,-0.31,-4.5058,44159.0,29578.324
300227.SZ,20220420,6.85,6.94,6.83,6.88,6.85,0.03,0.438,30063.8,20710.316
300227.SZ,20220419,6.81,6.89,6.78,6.85,6.8,0.05,0.7353,28099.0,19239.911
300227.SZ,20220418,6.71,6.82,6.61,6.8,6.74,0.06,0.8902,26908.4,18107.078
300227.SZ,20220415,6.87,6.87,6.69,6.74,6.88,-0.14,-2.0349,33122.38,22375.725
300227.SZ,20220414,6.76,6.89,6.76,6.88,6.74,0.14,2.0772,31625.8,21645.959
300227.SZ,20220413,6.85,6.88,6.74,6.74,6.89,-0.15,-2.1771,25020.13,16997.099
300227.SZ,20220412,6.7,6.9,6.69,6.89,6.73,0.16,2.3774,35691.33,24185.72
300227.SZ,20220411,7.06,7.07,6.68,6.73,7.07,-0.34,-4.8091,52243.0,35752.358
300227.SZ,20220408,7.27,7.3,7.01,7.07,7.27,-0.2,-2.751,46823.46,33305.818
300227.SZ,20220407,7.38,7.44,7.27,7.27,7.45,-0.18,-2.4161,35559.46,26093.277
300227.SZ,20220406,7.29,7.45,7.29,7.45,7.36,0.09,1.2228,27858.72,20624.203
300227.SZ,20220401,7.34,7.39,7.28,7.36,7.4,-0.04,-0.5405,29548.1,21686.348
300227.SZ,20220331,7.46,7.51,7.38,7.4,7.46,-0.06,-0.8043,30891.0,22971.007
300227.SZ,20220330,7.41,7.47,7.36,7.46,7.36,0.1,1.3587,41077.74,30475.996
300227.SZ,20220329,7.6,7.6,7.33,7.36,7.58,-0.22,-2.9024,44555.4,33184.465
300227.SZ,20220328,7.56,7.67,7.39,7.58,7.63,-0.05,-0.6553,36962.8,27852.837
300227.SZ,20220325,7.71,7.73,7.6,7.63,7.62,0.01,0.1312,33212.98,25479.065
300227.SZ,20220324,7.7,7.73,7.6,7.62,7.76,-0.14,-1.8041,42007.0,32119.238
300227.SZ,20220323,7.73,7.84,7.69,7.76,7.75,0.01,0.129,42135.0,32691.065
300227.SZ,20220322,7.8,7.93,7.72,7.75,7.74,0.01,0.1292,51883.55,40512.45
300227.SZ,20220321,7.66,7.84,7.63,7.74,7.69,0.05,0.6502,38465.4,29750.749
300227.SZ,20220318,7.5,7.73,7.5,7.69,7.6,0.09,1.1842,34962.77,26845.594
300227.SZ,20220317,7.62,7.74,7.57,7.6,7.53,0.07,0.9296,64043.8,49008.079
300227.SZ,20220316,7.33,7.56,7.2,7.53,7.2,0.33,4.5833,78425.6,58167.016
300227.SZ,20220315,7.61,7.67,7.2,7.2,7.7,-0.5,-6.4935,70162.3,52216.272
300227.SZ,20220314,8.0,8.0,7.68,7.7,7.98,-0.28,-3.5088,41003.0,31998.927
300227.SZ,20220311,7.79,8.0,7.66,7.98,7.92,0.06,0.7576,51323.26,40026.376
300227.SZ,20220310,7.97,8.05,7.92,7.92,7.87,0.05,0.6353,52092.62,41592.357
300227.SZ,20220309,8.03,8.16,7.45,7.87,8.05,-0.18,-2.236,76431.44,59830.072
300227.SZ,20220308,8.34,8.36,8.01,8.05,8.31,-0.26,-3.1288,57195.45,46705.563
300227.SZ,20220307,8.44,8.53,8.26,8.31,8.51,-0.2,-2.3502,62960.99,52660.897
300227.SZ,20220304,8.68,8.68,8.49,8.51,8.66,-0.15,-1.7321,63582.83,54458.223
300227.SZ,20220303,8.86,8.89,8.64,8.66,8.79,-0.13,-1.479,58902.57,51363.726
300227.SZ,20220302,8.8,8.82,8.72,8.79,8.86,-0.07,-0.7901,40354.14,35426.107
300227.SZ,20220301,8.71,8.9,8.69,8.86,8.8,0.06,0.6818,56197.33,49500.502
300227.SZ,20220228,8.72,8.87,8.56,8.8,8.72,0.08,0.9174,66407.01,57759.491
300227.SZ,20220225,8.77,8.87,8.71,8.72,8.73,-0.01,-0.1145,41193.5,36173.886
300227.SZ,20220224,8.85,8.94,8.63,8.73,8.89,-0.16,-1.7998,79682.22,70043.532
300227.SZ,20220223,8.74,8.92,8.73,8.89,8.73,0.16,1.8328,56055.16,49640.963
300227.SZ,20220222,8.73,8.78,8.68,8.73,8.81,-0.08,-0.9081,39373.58,34315.269
300227.SZ,20220221,8.6,8.82,8.6,8.81,8.68,0.13,1.4977,48405.16,42380.807
300227.SZ,20220218,8.57,8.68,8.52,8.68,8.62,0.06,0.6961,34762.62,29944.2
300227.SZ,20220217,8.7,8.73,8.6,8.62,8.7,-0.08,-0.9195,38228.9,33140.522
300227.SZ,20220216,8.62,8.71,8.6,8.7,8.59,0.11,1.2806,34482.6,29872.745
300227.SZ,20220215,8.54,8.63,8.52,8.59,8.58,0.01,0.1166,32215.57,27636.202
300227.SZ,20220214,8.51,8.62,8.45,8.58,8.55,0.03,0.3509,29889.5,25577.065
300227.SZ,20220211,8.72,8.76,8.52,8.55,8.76,-0.21,-2.3973,43439.1,37461.092
300227.SZ,20220210,8.83,8.84,8.72,8.76,8.84,-0.08,-0.905,41785.61,36641.927
300227.SZ,20220209,8.74,8.84,8.66,8.84,8.73,0.11,1.26,49653.26,43542.46
300227.SZ,20220208,8.56,8.74,8.5,8.73,8.55,0.18,2.1053,45534.12,39306.893
300227.SZ,20220207,8.66,8.7,8.5,8.55,8.56,-0.01,-0.1168,49750.66,42728.99
300227.SZ,20220128,8.6,8.68,8.42,8.56,8.53,0.03,0.3517,39596.29,33945.16
300227.SZ,20220127,8.92,8.99,8.53,8.53,8.98,-0.45,-5.0111,80382.73,69654.781
300227.SZ,20220126,8.93,9.05,8.9,8.98,8.92,0.06,0.6726,31384.93,28151.095
300227.SZ,20220125,9.28,9.3,8.9,8.92,9.27,-0.35,-3.7756,74786.0,67754.725
300227.SZ,20220124,9.25,9.34,9.25,9.27,9.31,-0.04,-0.4296,33618.19,31221.893
300227.SZ,20220121,9.43,9.46,9.26,9.31,9.42,-0.11,-1.1677,59513.95,55570.053
300227.SZ,20220120,9.67,9.73,9.41,9.42,9.78,-0.36,-3.681,103605.03,98667.55
300227.SZ,20220119,9.58,9.88,9.52,9.78,9.58,0.2,2.0877,106181.23,103163.287
300227.SZ,20220118,9.7,9.8,9.55,9.58,9.7,-0.12,-1.2371,94450.52,91444.735
300227.SZ,20220117,9.41,9.73,9.38,9.7,9.45,0.25,2.6455,89436.87,85744.712
300227.SZ,20220114,9.58,9.63,9.39,9.45,9.61,-0.16,-1.6649,71375.81,67987.989
300227.SZ,20220113,9.71,9.75,9.58,9.61,9.7,-0.09,-0.9278,53689.4,51910.136
300227.SZ,20220112,9.56,9.78,9.56,9.7,9.57,0.13,1.3584,65288.87,63373.045
300227.SZ,20220111,9.68,9.69,9.54,9.57,9.62,-0.05,-0.5198,49715.07,47774.779
300227.SZ,20220110,9.5,9.63,9.49,9.62,9.53,0.09,0.9444,52507.57,50315.683
300227.SZ,20220107,9.85,9.85,9.52,9.53,9.78,-0.25,-2.5562,88269.05,85314.722
300227.SZ,20220106,9.75,9.85,9.7,9.78,9.78,0.0,0.0,65543.8,64110.714
300227.SZ,20220105,10.03,10.05,9.68,9.78,10.03,-0.25,-2.4925,106949.3,105204.004
300227.SZ,20220104,9.86,10.05,9.81,10.03,9.84,0.19,1.9309,101990.1,101510.672
